TF,gene,effect
NhaR,nhaA,+
NhaR,nhaR,+
NhaR,pgaD,+
NhaR,pgaC,+
NhaR,pgaB,+
NhaR,pgaA,+
NhaR,osmC,+
CaiF,caiE,+
CaiF,caiD,+
CaiF,caiC,+
CaiF,caiB,+
CaiF,caiA,+
CaiF,caiT,+
CaiF,fixA,+
CaiF,fixB,+
CaiF,fixC,+
CaiF,fixX,+
AraC,araD,+
AraC,araA,+
AraC,araB,+
AraC,araC,+
AraC,araJ,+
AraC,ydeM,-
AraC,ydeN,-
AraC,araG,+
AraC,araF,+
AraC,araE,+
AraC,ygeA,+
AraC,xylB,-
AraC,xylA,-
AraC,araH,+
SgrR,sroA,-
SgrR,thiQ,-
SgrR,thiP,-
SgrR,tbpA,-
SgrR,sgrR,-
SgrR,setA,+
SgrR,alaC,+
SgrR,sgrS,+
SgrR,sgrT,+
LeuO,leuD,+
LeuO,leuC,+
LeuO,leuB,+
LeuO,leuA,+
LeuO,leuL,+
LeuO,leuO,+
LeuO,leuO,-
LeuO,dsrA,-
LeuO,casA,+
LeuO,casB,+
LeuO,casC,+
LeuO,casD,+
LeuO,casE,+
LeuO,cas1,+
LeuO,cas2,+
LeuO,bglG,+
LeuO,bglF,+
LeuO,bglB,+
LeuO,cadC,-
LeuO,yjjQ,+
LeuO,bglJ,+
Cra,setA,-
Cra,aroP,+
Cra,aroP,+
Cra,pdhR,-
Cra,aceE,-
Cra,aceF,-
Cra,lpd,-
Cra,pdhR,-
Cra,aceE,-
Cra,aceF,-
Cra,lpd,-
Cra,acnB,-
Cra,acnB,+
Cra,betA,+
Cra,betB,+
Cra,betI,+
Cra,betT,+
Cra,pdeL,-
Cra,yahA,+
Cra,prpB,-
Cra,prpC,-
Cra,prpD,-
Cra,prpE,-
Cra,cyoE,-
Cra,cyoE,+
Cra,cyoD,-
Cra,cyoD,+
Cra,cyoC,-
Cra,cyoC,+
Cra,cyoB,-
Cra,cyoB,+
Cra,cyoA,-
Cra,cyoA,+
Cra,cydA,+
Cra,cydB,+
Cra,poxB,+
Cra,ssuB,-
Cra,ssuC,-
Cra,ssuD,-
Cra,ssuA,-
Cra,ssuE,-
Cra,csgG,+
Cra,csgF,+
Cra,csgE,+
Cra,csgD,+
Cra,icd,+
Cra,adhE,-
Cra,adhE,-
Cra,ychE,-
Cra,acnA,+
Cra,marR,-
Cra,marA,-
Cra,marB,-
Cra,ydhZ,-
Cra,pykF,-
Cra,pykF,-
Cra,ppsA,+
Cra,ppsA,+
Cra,ppsR,+
Cra,msrB,+
Cra,gapA,-
Cra,gapA,-
Cra,yeaD,-
Cra,manX,-
Cra,manX,+
Cra,manY,-
Cra,manY,+
Cra,manZ,-
Cra,manZ,+
Cra,edd,-
Cra,eda,-
Cra,zwf,-
Cra,yeeX,+
Cra,hisG,+
Cra,hisG,-
Cra,hisD,+
Cra,hisD,-
Cra,hisC,+
Cra,hisC,-
Cra,hisB,+
Cra,hisB,-
Cra,hisH,+
Cra,hisH,-
Cra,hisA,+
Cra,hisA,-
Cra,hisF,+
Cra,hisF,-
Cra,hisI,+
Cra,hisI,-
Cra,mdtA,+
Cra,mdtB,+
Cra,mdtC,+
Cra,mdtD,+
Cra,baeS,+
Cra,baeR,+
Cra,fbaB,-
Cra,fruA,-
Cra,fruA,-
Cra,fruK,-
Cra,fruK,-
Cra,fruB,-
Cra,fruB,-
Cra,mepS,+
Cra,nuoN,+
Cra,nuoM,+
Cra,nuoL,+
Cra,nuoK,+
Cra,nuoJ,+
Cra,nuoI,+
Cra,nuoH,+
Cra,nuoG,+
Cra,nuoF,+
Cra,nuoE,+
Cra,nuoC,+
Cra,nuoB,+
Cra,nuoA,+
Cra,glk,-
Cra,glk,+
Cra,glk,-
Cra,ptsH,+
Cra,ptsI,+
Cra,crr,+
Cra,ptsH,-
Cra,ptsI,-
Cra,crr,-
Cra,raiA,+
Cra,raiA,-
Cra,nrdH,-
Cra,nrdI,-
Cra,nrdE,-
Cra,nrdF,-
Cra,hypF,-
Cra,eno,-
Cra,eno,-
Cra,epd,-
Cra,pgk,-
Cra,fbaA,-
Cra,epd,-
Cra,pgk,-
Cra,fbaA,-
Cra,glcC,-
Cra,crp,+
Cra,nirB,-
Cra,nirB,-
Cra,nirD,-
Cra,nirD,-
Cra,nirC,-
Cra,nirC,-
Cra,cysG,-
Cra,cysG,-
Cra,yhfS,-
Cra,yhfT,-
Cra,yhfU,-
Cra,php,-
Cra,yhfW,-
Cra,yhfX,-
Cra,pck,+
Cra,nikA,+
Cra,nikB,+
Cra,nikC,+
Cra,nikD,+
Cra,nikE,+
Cra,nikR,+
Cra,mtlA,-
Cra,mtlD,-
Cra,mtlR,-
Cra,gpmM,-
Cra,gpmM,-
Cra,envC,-
Cra,envC,-
Cra,yibQ,-
Cra,yibQ,-
Cra,metE,+
Cra,pfkA,-
Cra,pfkA,-
Cra,tpiA,-
Cra,tpiA,-
Cra,ppc,-
Cra,aceB,+
Cra,aceA,+
Cra,aceK,+
Cra,aceB,+
Cra,aceA,+
Cra,aceK,+
Cra,fbp,+
Cra,mpl,-
Cra,treB,+
Cra,treC,+
Cra,sgrS,-
Cra,sgrT,-
MraZ,mraZ,-
MraZ,rsmH,-
MraZ,ftsL,-
MraZ,ftsI,-
MraZ,murE,-
MraZ,murF,-
MraZ,mraY,-
MraZ,murD,-
MraZ,ftsW,-
MraZ,murG,-
MraZ,murC,-
MraZ,ddlB,-
MraZ,ftsQ,-
MraZ,ftsA,-
MraZ,ftsZ,-
MraZ,lpxC,-
MraZ,mioC,-
PdhR,mraZ,-
PdhR,rsmH,-
PdhR,ftsL,-
PdhR,ftsI,-
PdhR,murE,-
PdhR,murF,-
PdhR,mraY,-
PdhR,murD,-
PdhR,ftsW,-
PdhR,murG,-
PdhR,murC,-
PdhR,ddlB,-
PdhR,ftsQ,-
PdhR,ftsA,-
PdhR,ftsZ,-
PdhR,lpxC,-
PdhR,pdhR,-
PdhR,aceE,-
PdhR,aceF,-
PdhR,lpd,-
PdhR,hemL,-
PdhR,cyoE,-
PdhR,cyoD,-
PdhR,cyoC,-
PdhR,cyoB,-
PdhR,cyoA,-
PdhR,hha,-
PdhR,tomB,-
PdhR,ndh,-
PdhR,grcA,-
PdhR,glcD,-
PdhR,glcE,-
PdhR,glcF,-
PdhR,glcG,-
PdhR,glcB,-
PdhR,glcA,-
PdhR,fecA,+
PdhR,fecB,+
PdhR,fecC,+
PdhR,fecD,+
PdhR,fecE,+
CdaR,cdaR,+
CdaR,gudD,+
CdaR,gudX,+
CdaR,gudP,+
CdaR,garP,+
CdaR,garL,+
CdaR,garR,+
CdaR,garK,+
CdaR,rnpB,+
CdaR,garD,+
DinJ;yafQ,yafQ,-
DinJ;yafQ,dinJ,-
DinJ;yafQ,cspE,-
MatA,ecpA,+
MatA,ecpR,+
MatA,flhD,-
MatA,flhC,-
MatA,fliA,-
MatA,fliZ,-
MatA,tcyJ,-
MatA,fliC,-
RclR,rclC,+
RclR,rclB,+
RclR,rclA,+
BetI,betA,-
BetI,betB,-
BetI,betI,-
BetI,betT,-
PdeL,pdeL,+
PrpR,prpR,-
PrpR,prpB,+
PrpR,prpC,+
PrpR,prpD,+
PrpR,prpE,+
CynR,cynR,-
CynR,cynT,+
CynR,cynS,+
CynR,cynX,+
LacI,lacZ,-
LacI,lacY,-
LacI,lacA,-
MhpR,mhpA,+
MhpR,mhpB,+
MhpR,mhpC,+
MhpR,mhpD,+
MhpR,mhpF,+
MhpR,mhpE,+
PhoB,cra,-
PhoB,phoE,+
PhoB,prpR,-
PhoB,phoA,+
PhoB,psiF,+
PhoB,sbcC,-
PhoB,sbcD,-
PhoB,phoB,+
PhoB,phoR,+
PhoB,cusR,+
PhoB,cusS,+
PhoB,cusC,+
PhoB,cusF,+
PhoB,cusB,+
PhoB,cusA,+
PhoB,ompF,+
PhoB,phoH,+
PhoB,phoQ,+
PhoB,feaR,-
PhoB,ydfH,+
PhoB,asr,+
PhoB,mipA,+
PhoB,eda,-
PhoB,yedX,+
PhoB,amn,+
PhoB,yegH,+
PhoB,tktB,+
PhoB,argP,+
PhoB,pitB,-
PhoB,ugpQ,-
PhoB,ugpQ,+
PhoB,ugpC,-
PhoB,ugpC,+
PhoB,ugpE,-
PhoB,ugpE,+
PhoB,ugpA,-
PhoB,ugpA,+
PhoB,ugpB,-
PhoB,ugpB,+
PhoB,gadX,+
PhoB,gadW,+
PhoB,yhjC,+
PhoB,waaH,+
PhoB,phoU,+
PhoB,pstA,+
PhoB,pstC,+
PhoB,pstS,+
PhoB,pstB,+
PhoB,phoU,+
PhoB,psiE,+
PhoB,phnP,+
PhoB,phnO,+
PhoB,phnN,+
PhoB,phnM,+
PhoB,phnL,+
PhoB,phnK,+
PhoB,phnJ,+
PhoB,phnI,+
PhoB,phnH,+
PhoB,phnG,+
PhoB,phnF,+
PhoB,phnE_2,+
PhoB,phnE_1,+
PhoB,phnD,+
PhoB,phnC,+
PhoB,adiC,+
NrdR,nrdA,-
NrdR,nrdB,-
NrdR,yfaE,-
NrdR,nrdH,-
NrdR,nrdI,-
NrdR,nrdE,-
NrdR,nrdF,-
NrdR,nrdG,-
NrdR,nrdD,-
BolA,dacC,-
BolA,dacC,+
BolA,ampC,+
BolA,ampC,-
AcrR,acrA,-
AcrR,acrB,-
AcrR,acrR,-
AcrR,marR,-
AcrR,marA,-
AcrR,marB,-
AcrR,flhD,-
AcrR,flhC,-
AcrR,soxS,-
AcrR,soxR,-
AcrR,micF,-
CueR,cueO,+
CueR,copA,+
CueR,moaA,-
CueR,moaB,-
CueR,moaC,-
CueR,moaD,-
CueR,moaE,-
AllS,allE,+
AllS,allC,+
AllS,allD,+
AllR,allS,-
AllR,allA,-
AllR,gcl,-
AllR,hyi,-
AllR,glxR,-
AllR,ybbW,-
AllR,allB,-
AllR,ybbY,-
AllR,glxK,-
AppY,hyaA,+
AppY,hyaB,+
AppY,hyaC,+
AppY,hyaD,+
AppY,hyaE,+
AppY,hyaF,+
AppY,appC,+
AppY,appB,+
AppY,appX,+
AppY,appA,+
EnvY,ompF,+
EnvY,ompC,+
CusR,cyoE,+
CusR,cyoD,+
CusR,cyoC,+
CusR,cyoB,+
CusR,cyoA,+
CusR,cusR,+
CusR,cusS,+
CusR,cusC,+
CusR,cusF,+
CusR,cusB,+
CusR,cusA,+
CusR,yedX,+
DpiA,appY,-
DpiA,citG,+
DpiA,citX,+
DpiA,citF,+
DpiA,citE,+
DpiA,citD,+
DpiA,citC,+
DpiA,dpiB,+
DpiA,dpiA,+
DpiA,exuT,+
DpiA,mdh,+
NagC,nagB,-
NagC,nagA,-
NagC,nagC,-
NagC,umpH,-
NagC,nagE,-
NagC,chiP,-
NagC,ybfN,-
NagC,dinI,-
NagC,ydeM,-
NagC,ydeN,-
NagC,ydeP,-
NagC,chbG,-
NagC,chbF,-
NagC,chbR,-
NagC,chbA,-
NagC,chbC,-
NagC,chbB,-
NagC,manX,-
NagC,manY,-
NagC,manZ,-
NagC,ptsH,-
NagC,ptsI,-
NagC,crr,-
NagC,galP,-
NagC,feoA,-
NagC,feoB,-
NagC,feoC,-
NagC,feoA,+
NagC,feoB,+
NagC,feoC,+
NagC,glmU,-
NagC,glmS,-
NagC,glmU,+
NagC,glmS,+
NagC,nanS,-
NagC,nanM,-
NagC,nanC,-
NagC,fimB,+
NagC,creA,-
NagC,creB,-
NagC,creC,-
NagC,creD,-
Fur,lpd,-
Fur,lpd,+
Fur,fhuA,-
Fur,fhuA,-
Fur,fhuC,-
Fur,fhuC,-
Fur,fhuD,-
Fur,fhuD,-
Fur,fhuB,-
Fur,fhuB,-
Fur,glnD,-
Fur,crl,-
Fur,yagI,+
Fur,argF,+
Fur,cyoE,-
Fur,cyoD,-
Fur,cyoC,-
Fur,cyoB,-
Fur,cyoA,-
Fur,glnK,-
Fur,glnK,+
Fur,amtB,-
Fur,amtB,+
Fur,ybaN,-
Fur,adk,+
Fur,entD,-
Fur,entD,-
Fur,fepA,-
Fur,fepA,-
Fur,fes,-
Fur,fes,-
Fur,entF,-
Fur,entF,-
Fur,fepE,-
Fur,fepE,-
Fur,fepC,-
Fur,fepC,-
Fur,fepG,-
Fur,fepG,-
Fur,fepD,-
Fur,fepD,-
Fur,entS,-
Fur,entS,+
Fur,entS,-
Fur,fepB,-
Fur,fepB,-
Fur,entC,-
Fur,entE,-
Fur,entB,-
Fur,entA,-
Fur,entH,-
Fur,entC,-
Fur,entE,-
Fur,entB,-
Fur,entA,-
Fur,entH,-
Fur,fur,-
Fur,sdhC,+
Fur,sdhD,+
Fur,sdhA,+
Fur,sdhB,+
Fur,sucA,+
Fur,sucB,+
Fur,sucC,+
Fur,sucD,+
Fur,gpmA,-
Fur,gpmA,-
Fur,ybiX,-
Fur,fiu,-
Fur,fiu,-
Fur,aspC,-
Fur,ompF,+
Fur,efeU_1,-
Fur,efeU_2,-
Fur,efeO,-
Fur,efeB,-
Fur,pyrC,-
Fur,fhuE,-
Fur,fhuE,-
Fur,ndh,-
Fur,ycgZ,+
Fur,oppA,-
Fur,oppB,-
Fur,oppC,-
Fur,oppD,-
Fur,oppF,-
Fur,tonB,+
Fur,tonB,-
Fur,acnA,+
Fur,fnr,-
Fur,yncE,-
Fur,adhP,-
Fur,yddB,-
Fur,yddA,-
Fur,tfaQ,-
Fur,ydfN,-
Fur,nohA,-
Fur,ynfD,-
Fur,fumC,-
Fur,purR,-
Fur,sufE,-
Fur,sufE,-
Fur,sufS,-
Fur,sufS,-
Fur,sufD,-
Fur,sufD,-
Fur,sufC,-
Fur,sufC,-
Fur,sufB,-
Fur,sufB,-
Fur,sufA,-
Fur,sufA,-
Fur,ydiE,-
Fur,katE,+
Fur,gdhA,-
Fur,gdhA,+
Fur,mntP,+
Fur,zwf,-
Fur,flhD,-
Fur,flhC,-
Fur,ftnB,+
Fur,ftnA,+
Fur,ftnA,+
Fur,zinT,+
Fur,nac,-
Fur,yoeA,-
Fur,gnd,-
Fur,rcnA,-
Fur,rcnB,-
Fur,cirA,-
Fur,cirA,-
Fur,cirA,-
Fur,yojI,-
Fur,mntH,-
Fur,mntH,-
Fur,hmp,-
Fur,grcA,-
Fur,ygaC,-
Fur,nrdH,-
Fur,nrdI,-
Fur,nrdE,-
Fur,nrdF,-
Fur,nrdH,-
Fur,nrdI,-
Fur,nrdE,-
Fur,nrdF,-
Fur,rpoS,-
Fur,hybO,+
Fur,hybA,+
Fur,hybB,+
Fur,hybC,+
Fur,hybD,+
Fur,hybE,+
Fur,hybF,+
Fur,hybG,+
Fur,exbD,-
Fur,exbD,-
Fur,exbD,-
Fur,exbB,-
Fur,exbB,-
Fur,yqjH,-
Fur,yqjH,-
Fur,garP,-
Fur,garL,-
Fur,garR,-
Fur,garK,-
Fur,rnpB,-
Fur,gltB,-
Fur,gltD,-
Fur,gltF,-
Fur,gspC,-
Fur,gspD,-
Fur,gspE,-
Fur,gspF,-
Fur,gspG,-
Fur,gspH,-
Fur,gspI,-
Fur,gspJ,-
Fur,gspK,-
Fur,gspL,-
Fur,gspM,-
Fur,gspO,-
Fur,feoA,-
Fur,feoB,-
Fur,feoC,-
Fur,feoA,-
Fur,feoB,-
Fur,feoC,-
Fur,yhhY,-
Fur,sodA,-
Fur,zapB,+
Fur,metJ,-
Fur,katG,+
Fur,metH,-
Fur,soxS,-
Fur,soxR,-
Fur,fumB,+
Fur,fecA,-
Fur,fecB,-
Fur,fecC,-
Fur,fecD,-
Fur,fecE,-
Fur,fecA,-
Fur,fecB,-
Fur,fecC,-
Fur,fecD,-
Fur,fecE,-
Fur,fecI,-
Fur,fecR,-
Fur,fecI,-
Fur,fecR,-
Fur,uxuA,+
Fur,uxuB,+
Fur,yjiT,-
Fur,fhuF,-
Fur,fhuF,-
Fur,ryhB,-
Fur,ryhB,-
Fur,ybdZ,-
Fur,ybdZ,-
Fur,yjjZ,-
Fur,yjjZ,-
KdpE,kdpF,+
KdpE,kdpA,+
KdpE,kdpB,+
KdpE,kdpC,+
MngR,mngR,-
MngR,mngA,-
MngR,mngB,-
ModE,modA,-
ModE,modB,-
ModE,modC,-
ModE,moaA,+
ModE,moaB,+
ModE,moaC,+
ModE,moaD,+
ModE,moaE,+
ModE,dmsA,-
ModE,dmsB,-
ModE,dmsC,-
ModE,narL,+
ModE,narX,+
ModE,oppA,-
ModE,oppB,-
ModE,oppC,-
ModE,oppD,-
ModE,oppF,-
ModE,ccmH,+
ModE,ccmG,+
ModE,ccmF,+
ModE,ccmE,+
ModE,ccmD,+
ModE,ccmC,+
ModE,ccmB,+
ModE,ccmA,+
ModE,napC,+
ModE,napB,+
ModE,napH,+
ModE,napG,+
ModE,napA,+
ModE,napD,+
ModE,napF,+
ModE,hycI,+
ModE,hycH,+
ModE,hycG,+
ModE,hycF,+
ModE,hycE,+
ModE,hycD,+
ModE,hycC,+
ModE,hycB,+
ModE,hycA,+
ModE,deoC,-
ModE,deoA,-
ModE,deoB,-
ModE,deoD,-
CecR,ybhR,-
CecR,ybhS,-
CecR,ybhF,-
CecR,ybhG,-
CecR,cecR,-
MntR,dps,-
MntR,mntP,+
MntR,mntH,-
MntR,rybA,-
MntR,mntS,-
DeoR,tsx,-
DeoR,nupG,-
DeoR,deoC,-
DeoR,deoA,-
DeoR,deoB,-
DeoR,deoD,-
RcdA,yagK,-
RcdA,sulA,-
RcdA,csgG,+
RcdA,csgF,+
RcdA,csgE,+
RcdA,csgD,+
RcdA,bluF,+
RcdA,ydeI,+
RcdA,asr,+
Lrp,thrL,-
Lrp,thrA,-
Lrp,thrB,-
Lrp,thrC,-
Lrp,thrL,+
Lrp,thrA,+
Lrp,thrB,+
Lrp,thrC,+
Lrp,leuD,-
Lrp,leuD,+
Lrp,leuC,-
Lrp,leuC,+
Lrp,leuB,-
Lrp,leuB,+
Lrp,leuA,-
Lrp,leuA,+
Lrp,leuL,-
Lrp,leuL,+
Lrp,ilvI,-
Lrp,ilvH,-
Lrp,ilvI,+
Lrp,ilvH,+
Lrp,ilvI,-
Lrp,ilvH,-
Lrp,ilvI,+
Lrp,ilvH,+
Lrp,ftsQ,-
Lrp,ftsA,-
Lrp,ftsZ,-
Lrp,yadV,-
Lrp,htrE,-
Lrp,yadV,+
Lrp,htrE,+
Lrp,rrsH,-
Lrp,ileV,-
Lrp,alaV,-
Lrp,rrlH,-
Lrp,rrfH,-
Lrp,pepD,-
Lrp,pepD,+
Lrp,ecpR,+
Lrp,ecpR,-
Lrp,ykgE,-
Lrp,ykgE,+
Lrp,ykgF,-
Lrp,ykgF,+
Lrp,ykgG,-
Lrp,ykgG,+
Lrp,brnQ,-
Lrp,brnQ,+
Lrp,proY,-
Lrp,proY,+
Lrp,ribE,+
Lrp,ribE,-
Lrp,nusB,-
Lrp,nusB,+
Lrp,ompT,+
Lrp,ompT,-
Lrp,ybgS,+
Lrp,ybgS,-
Lrp,aroG,-
Lrp,aroG,+
Lrp,ybhN,-
Lrp,ybhN,+
Lrp,clsB,-
Lrp,clsB,+
Lrp,ybhP,-
Lrp,ybhP,+
Lrp,ybiJ,-
Lrp,ybiJ,+
Lrp,potF,-
Lrp,potG,-
Lrp,potH,-
Lrp,potI,-
Lrp,potF,+
Lrp,potG,+
Lrp,potH,+
Lrp,potI,+
Lrp,artM,-
Lrp,artM,+
Lrp,artQ,-
Lrp,artQ,+
Lrp,artI,-
Lrp,artI,+
Lrp,artP,-
Lrp,artP,+
Lrp,ybjS,+
Lrp,ybjS,-
Lrp,lrp,-
Lrp,ycaM,+
Lrp,ycaM,-
Lrp,serC,+
Lrp,aroA,+
Lrp,serC,+
Lrp,aroA,+
Lrp,serC,-
Lrp,aroA,-
Lrp,aspC,+
Lrp,aspC,-
Lrp,yceB,+
Lrp,yceB,-
Lrp,lolC,-
Lrp,lolC,+
Lrp,lolD,-
Lrp,lolD,+
Lrp,lolE,-
Lrp,lolE,+
Lrp,nagK,+
Lrp,nagK,-
Lrp,ycgH_1,-
Lrp,ycgH_1,+
Lrp,ycgH_2,-
Lrp,ycgH_2,+
Lrp,dadA,-
Lrp,dadA,+
Lrp,dadA,-
Lrp,dadX,-
Lrp,dadX,+
Lrp,dadX,-
Lrp,dhaM,-
Lrp,dhaM,+
Lrp,dhaL,-
Lrp,dhaL,+
Lrp,dhaK,-
Lrp,dhaK,+
Lrp,adhE,-
Lrp,adhE,+
Lrp,adhE,-
Lrp,oppA,-
Lrp,oppA,+
Lrp,oppA,-
Lrp,oppB,-
Lrp,oppB,+
Lrp,oppB,-
Lrp,oppC,-
Lrp,oppC,+
Lrp,oppC,-
Lrp,oppD,-
Lrp,oppD,+
Lrp,oppD,-
Lrp,oppF,-
Lrp,oppF,+
Lrp,oppF,-
Lrp,yciN,+
Lrp,yciN,-
Lrp,yciT,-
Lrp,yciT,+
Lrp,tyrR,+
Lrp,tyrR,-
Lrp,uspE,-
Lrp,uspE,+
Lrp,osmC,+
Lrp,osmC,-
Lrp,ydeN,-
Lrp,ydgI,+
Lrp,ydgI,-
Lrp,folM,+
Lrp,folM,-
Lrp,dtpA,-
Lrp,dtpA,+
Lrp,astE,+
Lrp,astE,-
Lrp,astB,+
Lrp,astB,-
Lrp,astD,+
Lrp,astD,-
Lrp,astA,+
Lrp,astA,-
Lrp,astC,+
Lrp,astC,-
Lrp,leuE,-
Lrp,leuE,-
Lrp,leuE,+
Lrp,sdaA,-
Lrp,sdaA,-
Lrp,sdaA,+
Lrp,tyrP,+
Lrp,tyrP,-
Lrp,yodC,-
Lrp,yodC,+
Lrp,yeeD,+
Lrp,yeeD,-
Lrp,yeeE,+
Lrp,yeeE,-
Lrp,yehL,+
Lrp,yehL,-
Lrp,yehM,+
Lrp,yehM,-
Lrp,yehP,+
Lrp,yehP,-
Lrp,yehQ,+
Lrp,yehQ,-
Lrp,lysP,+
Lrp,yeiL,+
Lrp,mepS,-
Lrp,mepS,+
Lrp,napC,+
Lrp,napC,-
Lrp,napB,+
Lrp,napB,-
Lrp,napH,+
Lrp,napH,-
Lrp,napG,+
Lrp,napG,-
Lrp,napA,+
Lrp,napA,-
Lrp,napD,+
Lrp,napD,-
Lrp,napF,+
Lrp,napF,-
Lrp,eco,+
Lrp,eco,-
Lrp,mqo,+
Lrp,mqo,-
Lrp,yojI,+
Lrp,ompC,-
Lrp,lrhA,-
Lrp,lrhA,+
Lrp,alaA,-
Lrp,alaA,+
Lrp,alaA,-
Lrp,yfcC,+
Lrp,yfcC,-
Lrp,fadJ,+
Lrp,fadI,+
Lrp,yfcZ,+
Lrp,yfcZ,-
Lrp,yffQ,+
Lrp,yffQ,-
Lrp,yffR,+
Lrp,yffR,-
Lrp,upp,-
Lrp,uraA,-
Lrp,purM,-
Lrp,purN,-
Lrp,ppx,+
Lrp,ppx,-
Lrp,csiE,-
Lrp,csiE,+
Lrp,rrfG,-
Lrp,rrlG,-
Lrp,gltW,-
Lrp,rrsG,-
Lrp,csiD,+
Lrp,lhgO,+
Lrp,gabD,+
Lrp,gabT,+
Lrp,gabP,+
Lrp,stpA,+
Lrp,stpA,-
Lrp,stpA,+
Lrp,sdaC,+
Lrp,sdaC,-
Lrp,sdaB,+
Lrp,sdaB,-
Lrp,yqeF,-
Lrp,yqeF,+
Lrp,gcvP,+
Lrp,gcvP,+
Lrp,gcvH,+
Lrp,gcvH,+
Lrp,gcvT,+
Lrp,gcvT,+
Lrp,ssrS,-
Lrp,fau,-
Lrp,serA,+
Lrp,serA,-
Lrp,serA,+
Lrp,serA,-
Lrp,argO,+
Lrp,metK,-
Lrp,metK,+
Lrp,ansB,+
Lrp,ansB,-
Lrp,patA,-
Lrp,sstT,+
Lrp,sstT,-
Lrp,tdcA,-
Lrp,tdcB,-
Lrp,tdcC,-
Lrp,tdcD,-
Lrp,tdcE,-
Lrp,tdcF,-
Lrp,tdcG,-
Lrp,tdcA,+
Lrp,tdcB,+
Lrp,tdcC,+
Lrp,tdcD,+
Lrp,tdcE,+
Lrp,tdcF,+
Lrp,tdcG,+
Lrp,mtr,+
Lrp,mtr,-
Lrp,gltB,+
Lrp,gltD,+
Lrp,gltF,+
Lrp,gltB,+
Lrp,gltD,+
Lrp,gltF,+
Lrp,gltB,-
Lrp,gltD,-
Lrp,gltF,-
Lrp,yhcN,-
Lrp,yhcN,+
Lrp,rrfF,-
Lrp,thrV,-
Lrp,rrfD,-
Lrp,rrlD,-
Lrp,alaU,-
Lrp,ileU,-
Lrp,rrsD,-
Lrp,malT,+
Lrp,yzgL,+
Lrp,yzgL,-
Lrp,yhhW,-
Lrp,yhhW,+
Lrp,livK,-
Lrp,livH,-
Lrp,livM,-
Lrp,livG,-
Lrp,livF,-
Lrp,livK,-
Lrp,livH,-
Lrp,livM,-
Lrp,livG,-
Lrp,livF,-
Lrp,livJ,-
Lrp,livJ,-
Lrp,dtpB,-
Lrp,dtpB,+
Lrp,hdeA,-
Lrp,hdeB,-
Lrp,yhiD,-
Lrp,yhjE,-
Lrp,yhjE,+
Lrp,dppA,+
Lrp,dppB,+
Lrp,dppC,+
Lrp,dppD,+
Lrp,dppF,+
Lrp,dppA,-
Lrp,dppB,-
Lrp,dppC,-
Lrp,dppD,-
Lrp,dppF,-
Lrp,avtA,-
Lrp,avtA,-
Lrp,avtA,+
Lrp,tdh,+
Lrp,tdh,-
Lrp,tdh,+
Lrp,kbl,+
Lrp,kbl,-
Lrp,kbl,+
Lrp,uhpC,+
Lrp,uhpC,-
Lrp,uhpB,+
Lrp,uhpB,-
Lrp,uhpA,+
Lrp,uhpA,-
Lrp,ilvN,+
Lrp,ilvN,-
Lrp,ilvB,+
Lrp,ilvB,-
Lrp,ivbL,+
Lrp,ivbL,-
Lrp,emrD,-
Lrp,emrD,+
Lrp,rrsC,-
Lrp,gltU,-
Lrp,rrlC,-
Lrp,rrfC,-
Lrp,ilvL,-
Lrp,ilvX,-
Lrp,ilvG_1,-
Lrp,ilvG_2,-
Lrp,ilvM,-
Lrp,ilvE,-
Lrp,ilvD,-
Lrp,ilvA,-
Lrp,ilvG_1,+
Lrp,ilvG_1,-
Lrp,ilvG_2,-
Lrp,ilvG_2,+
Lrp,ilvM,+
Lrp,ilvM,-
Lrp,ilvE,+
Lrp,ilvE,-
Lrp,ilvD,+
Lrp,ilvD,-
Lrp,ilvA,+
Lrp,ilvA,-
Lrp,rrsA,-
Lrp,ileT,-
Lrp,alaT,-
Lrp,rrlA,-
Lrp,rrfA,-
Lrp,rrsB,-
Lrp,gltT,-
Lrp,rrlB,-
Lrp,rrfB,-
Lrp,rrsE,-
Lrp,gltV,-
Lrp,rrlE,-
Lrp,rrfE,-
Lrp,aceB,+
Lrp,aceA,+
Lrp,aceK,+
Lrp,aceB,-
Lrp,aceA,-
Lrp,aceK,-
Lrp,yjbJ,+
Lrp,yjbJ,-
Lrp,yjbQ,-
Lrp,yjbQ,+
Lrp,dcuB,+
Lrp,fumB,+
Lrp,dcuB,-
Lrp,fumB,-
Lrp,lysU,-
Lrp,lysU,-
Lrp,lysU,+
Lrp,cadB,+
Lrp,cadA,+
Lrp,aspA,+
Lrp,dcuA,+
Lrp,aspA,-
Lrp,dcuA,-
Lrp,yjeM,-
Lrp,yjeM,+
Lrp,aidB,-
Lrp,cycA,+
Lrp,cycA,-
Lrp,ytfK,-
Lrp,ytfK,+
Lrp,fimE,+
Lrp,fimA,+
Lrp,fimA,+
Lrp,fimI,+
Lrp,fimI,+
Lrp,fimC,+
Lrp,fimC,+
Lrp,fimD,+
Lrp,fimD,+
Lrp,fimF,+
Lrp,fimF,+
Lrp,fimG,+
Lrp,fimG,+
Lrp,fimH,+
Lrp,fimH,+
Lrp,yjiC,+
Lrp,yjiC,-
Lrp,osmY,-
Lrp,osmY,+
Lrp,osmY,-
Lrp,serB,+
Lrp,radA,+
Lrp,serB,-
Lrp,radA,-
Lrp,micF,-
TorR,torR,-
TorR,torC,+
TorR,torA,+
TorR,torD,+
TorR,hdeA,+
TorR,hdeB,+
TorR,yhiD,+
TorR,gadA,-
TorR,gadX,-
TorR,tnaC,+
TorR,tnaA,+
TorR,tnaB,+
RutR,carA,+
RutR,carB,+
RutR,fepB,-
RutR,rutG,-
RutR,rutF,-
RutR,rutE,-
RutR,rutD,-
RutR,rutC,-
RutR,rutB,-
RutR,rutA,-
RutR,rutR,-
RutR,pdeR,-
RutR,nemR,-
RutR,nemA,-
RutR,gloA,-
RutR,gadX,-
RutR,gadW,-
PutA,putA,-
PutA,putP,-
CsgD,pepD,-
CsgD,iraP,+
CsgD,dgcC,+
CsgD,yccT,+
CsgD,yccJ,+
CsgD,wrbA,+
CsgD,csgG,+
CsgD,csgF,+
CsgD,csgE,+
CsgD,csgD,+
CsgD,csgB,+
CsgD,csgA,+
CsgD,csgC,+
CsgD,flgN,-
CsgD,flgM,-
CsgD,fliA,-
CsgD,fliZ,-
CsgD,tcyJ,-
CsgD,fliE,-
CsgD,fliF,-
CsgD,fliG,-
CsgD,fliH,-
CsgD,fliI,-
CsgD,fliJ,-
CsgD,fliK,-
CsgD,yhbS,-
CsgD,yhbT,-
CsgD,nlpA,+
ComR,bhsA,-
PhoP,gadF,+
PhoP,hemL,+
PhoP,acrA,-
PhoP,acrB,-
PhoP,borD,+
PhoP,ompT,+
PhoP,pagP,+
PhoP,nagA,+
PhoP,ybjG,+
PhoP,rutG,+
PhoP,rutF,+
PhoP,rutE,+
PhoP,rutD,+
PhoP,rutC,+
PhoP,rutB,+
PhoP,rutA,+
PhoP,phoQ,+
PhoP,phoQ,-
PhoP,phoP,+
PhoP,phoP,-
PhoP,iraM,+
PhoP,cysB,+
PhoP,ydeO,-
PhoP,safA,-
PhoP,ydeP,-
PhoP,rstA,+
PhoP,rstB,+
PhoP,slyB,-
PhoP,slyB,+
PhoP,mgrB,+
PhoP,fadL,+
PhoP,tolC,+
PhoP,ygiA,+
PhoP,ygiB,+
PhoP,ygiC,+
PhoP,yrbL,+
PhoP,dcuD,-
PhoP,argD,-
PhoP,glgP,+
PhoP,glgA,+
PhoP,glgB,+
PhoP,glgX,+
PhoP,glgC,+
PhoP,glgA,+
PhoP,glgP,+
PhoP,hdeA,+
PhoP,hdeB,+
PhoP,yhiD,+
PhoP,hdeD,+
PhoP,gadE,+
PhoP,gadW,+
PhoP,malS,+
PhoP,metB,+
PhoP,metL,+
PhoP,purD,+
PhoP,purH,+
PhoP,treR,-
PhoP,mgtA,+
PhoP,yneM,+
PhoP,mgrR,+
PhoP,mgtL,+
BluR,ycgZ,-
BluR,ymgA,-
BluR,ariR,-
BluR,ymgC,-
FadR,sroD,-
FadR,accA,+
FadR,fadE,-
FadR,fadM,-
FadR,fabA,+
FadR,fabH,+
FadR,fabD,+
FadR,fabG,+
FadR,fadR,+
FadR,fabI,+
FadR,fadD,-
FadR,accD,+
FadR,fabB,+
FadR,fadJ,-
FadR,fadI,-
FadR,fadL,-
FadR,fadH,-
FadR,accB,+
FadR,accC,+
FadR,uspA,-
FadR,fadA,-
FadR,fadB,-
FadR,iclR,+
DhaR,dhaM,+
DhaR,dhaL,+
DhaR,dhaK,+
DhaR,dhaR,-
NarL,caiF,-
NarL,citG,-
NarL,citX,-
NarL,citF,-
NarL,citE,-
NarL,citD,-
NarL,citC,-
NarL,dpiB,-
NarL,dpiA,-
NarL,moeB,+
NarL,moeA,+
NarL,hcp,+
NarL,hcr,+
NarL,cydD,+
NarL,cydC,+
NarL,dmsA,-
NarL,dmsB,-
NarL,dmsC,-
NarL,focA,-
NarL,pflB,-
NarL,hyaA,-
NarL,hyaB,-
NarL,hyaC,-
NarL,hyaD,-
NarL,hyaE,-
NarL,hyaF,-
NarL,torC,-
NarL,torA,-
NarL,torD,-
NarL,narK,+
NarL,narG,+
NarL,narH,+
NarL,narJ,+
NarL,narI,+
NarL,adhE,-
NarL,ompW,-
NarL,ogt,+
NarL,fdnG,+
NarL,fdnH,+
NarL,fdnI,+
NarL,ydeP,+
NarL,ynfE,-
NarL,ynfF,-
NarL,ynfG,-
NarL,ynfH,-
NarL,dmsD,-
NarL,ydhY,-
NarL,ydhV,-
NarL,ydhW,-
NarL,ydhX,-
NarL,ydhU,-
NarL,ydhT,-
NarL,yoaG,+
NarL,yeaR,+
NarL,ccmH,-
NarL,ccmG,-
NarL,ccmF,-
NarL,ccmE,-
NarL,ccmD,-
NarL,ccmC,-
NarL,ccmB,-
NarL,ccmA,-
NarL,napC,-
NarL,napB,-
NarL,napH,-
NarL,napG,-
NarL,napA,-
NarL,napD,-
NarL,napF,-
NarL,nuoN,+
NarL,nuoM,+
NarL,nuoL,+
NarL,nuoK,+
NarL,nuoJ,+
NarL,nuoI,+
NarL,nuoH,+
NarL,nuoG,+
NarL,nuoF,+
NarL,nuoE,+
NarL,nuoC,+
NarL,nuoB,+
NarL,nuoA,+
NarL,norV,-
NarL,norW,-
NarL,hybO,-
NarL,hybA,-
NarL,hybB,-
NarL,hybC,-
NarL,hybD,-
NarL,hybE,-
NarL,hybF,-
NarL,hybG,-
NarL,nirB,+
NarL,nirD,+
NarL,nirC,+
NarL,cysG,+
NarL,nikA,-
NarL,nikB,-
NarL,nikC,-
NarL,nikD,-
NarL,nikE,-
NarL,nikR,-
NarL,ubiC,-
NarL,ubiA,-
NarL,nrfA,+
NarL,nrfB,+
NarL,nrfC,+
NarL,nrfD,+
NarL,nrfE,+
NarL,nrfF,+
NarL,nrfG,+
NarL,fdhF,-
NarL,dcuB,-
NarL,fumB,-
NarL,dcuR,-
NarL,dcuS,-
NarL,aspA,-
NarL,dcuA,-
NarL,frdD,-
NarL,frdC,-
NarL,frdB,-
NarL,frdA,-
NarL,ytfE,+
Hns,nhaA,-
Hns,nhaR,-
Hns,caiF,-
Hns,caiE,-
Hns,caiD,-
Hns,caiC,-
Hns,caiB,-
Hns,caiA,-
Hns,caiT,-
Hns,leuO,-
Hns,leuO,-
Hns,ilvI,-
Hns,ilvH,-
Hns,degP,-
Hns,rrsH,-
Hns,ileV,-
Hns,alaV,-
Hns,rrlH,-
Hns,rrfH,-
Hns,lacZ,-
Hns,lacY,-
Hns,lacA,-
Hns,bolA,-
Hns,appY,-
Hns,fes,+
Hns,entF,+
Hns,fepE,+
Hns,cydA,-
Hns,cydB,-
Hns,galE,-
Hns,galT,-
Hns,galK,-
Hns,galM,-
Hns,dps,-
Hns,cspD,+
Hns,lrp,-
Hns,cmoM,+
Hns,mukF,+
Hns,mukE,+
Hns,mukB,+
Hns,hlyE,+
Hns,hlyE,-
Hns,hns,-
Hns,yciE,-
Hns,yciF,-
Hns,yciG,-
Hns,osmC,-
Hns,ydeO,-
Hns,ydeP,-
Hns,asr,-
Hns,flhD,+
Hns,flhC,+
Hns,ftnA,-
Hns,fliA,+
Hns,fliZ,+
Hns,tcyJ,+
Hns,fliC,+
Hns,rcsA,-
Hns,hchA,-
Hns,rcsD,-
Hns,rcsB,-
Hns,nrdA,-
Hns,nrdB,-
Hns,yfaE,-
Hns,hisP,+
Hns,hisM,+
Hns,hisQ,+
Hns,hisJ,+
Hns,evgA,-
Hns,evgS,-
Hns,cysM,-
Hns,cysA,-
Hns,cysW,-
Hns,cysU,-
Hns,cysP,-
Hns,csiE,+
Hns,rrfG,-
Hns,rrlG,-
Hns,gltW,-
Hns,rrsG,-
Hns,csiD,+
Hns,lhgO,+
Hns,gabD,+
Hns,gabT,+
Hns,gabP,+
Hns,stpA,-
Hns,proV,-
Hns,proW,-
Hns,proX,-
Hns,proV,-
Hns,proW,-
Hns,proX,-
Hns,srlA,+
Hns,srlE,+
Hns,srlB,+
Hns,srlD,+
Hns,gutM,+
Hns,srlR,+
Hns,gutQ,+
Hns,casA,-
Hns,casB,-
Hns,casC,-
Hns,casD,-
Hns,casE,-
Hns,cas1,-
Hns,cas2,-
Hns,mazF,+
Hns,mazE,+
Hns,relA,+
Hns,ssrS,-
Hns,fau,-
Hns,garP,-
Hns,garL,-
Hns,garR,-
Hns,garK,-
Hns,rnpB,-
Hns,acrE,-
Hns,acrF,-
Hns,rrfF,-
Hns,thrV,-
Hns,rrfD,-
Hns,rrlD,-
Hns,alaU,-
Hns,ileU,-
Hns,rrsD,-
Hns,gspB,-
Hns,gspA,-
Hns,gspC,-
Hns,gspD,-
Hns,gspE,-
Hns,gspF,-
Hns,gspG,-
Hns,gspH,-
Hns,gspI,-
Hns,gspJ,-
Hns,gspK,-
Hns,gspL,-
Hns,gspM,-
Hns,gspO,-
Hns,chiA,-
Hns,nirB,-
Hns,nirD,-
Hns,nirC,-
Hns,cysG,-
Hns,yhiM,-
Hns,slp,-
Hns,dctR,-
Hns,hdeA,-
Hns,hdeB,-
Hns,yhiD,-
Hns,hdeD,-
Hns,gadE,-
Hns,gadF,-
Hns,mdtE,-
Hns,mdtF,-
Hns,gadW,-
Hns,gadX,-
Hns,gadW,-
Hns,gadA,-
Hns,cspA,-
Hns,adeD,-
Hns,bglG,-
Hns,bglF,-
Hns,bglB,-
Hns,rrsC,-
Hns,gltU,-
Hns,rrlC,-
Hns,rrfC,-
Hns,rrsB,-
Hns,gltT,-
Hns,rrlB,-
Hns,rrfB,-
Hns,adiY,-
Hns,adiA,-
Hns,cadB,-
Hns,cadA,-
Hns,cadC,-
Hns,nrdG,-
Hns,nrdD,-
Hns,fimB,-
Hns,fimE,-
Hns,fimA,+
Hns,fimI,+
Hns,fimC,+
Hns,fimD,+
Hns,fimF,+
Hns,fimG,+
Hns,fimH,+
Hns,yjjP,-
Hns,yjjQ,-
Hns,bglJ,-
Hns,micF,-
Hns,hdfR,-
Hns,ybdZ,+
CysB,tauA,+
CysB,tauB,+
CysB,tauC,+
CysB,tauD,+
CysB,ybdN,+
CysB,ssuB,-
CysB,ssuC,-
CysB,ssuD,-
CysB,ssuA,-
CysB,ssuE,-
CysB,cysB,-
CysB,yciW,+
CysB,hslJ,-
CysB,dgcZ,+
CysB,tcyP,+
CysB,yoaC,+
CysB,tcyJ,+
CysB,cbl,+
CysB,yfbR,+
CysB,cysK,+
CysB,cysM,+
CysB,cysA,+
CysB,cysW,+
CysB,cysU,+
CysB,cysP,+
CysB,cysD,+
CysB,cysN,+
CysB,cysC,+
CysB,cysH,+
CysB,cysI,+
CysB,cysJ,+
CysB,ygeH,+
PuuR,puuA,-
PuuR,puuP,-
PuuR,puuD,-
PuuR,puuR,-
PuuR,puuC,-
PuuR,puuB,-
PuuR,puuE,-
PspF,pspF,-
PspF,pspA,+
PspF,pspB,+
PspF,pspC,+
PspF,pspD,+
PspF,pspE,+
PspF,pspG,+
TyrR,folA,+
TyrR,aroP,-
TyrR,aroL,-
TyrR,yaiA,-
TyrR,aroM,-
TyrR,aroG,-
TyrR,tyrR,-
TyrR,tyrP,+
TyrR,tyrA,-
TyrR,aroF,-
TyrR,mtr,+
TyrR,tyrB,-
PgrR,ycjX,-
PgrR,ycjF,-
PgrR,tyrR,-
PgrR,ycjG,-
PgrR,mpaA,-
PgrR,ycjY,-
PgrR,ymjC,-
PgrR,ymjD,-
Fnr,thrA,+
Fnr,thrB,+
Fnr,thrC,+
Fnr,thrL,+
Fnr,caiF,+
Fnr,caiF,+
Fnr,caiE,+
Fnr,caiD,+
Fnr,caiC,+
Fnr,caiB,+
Fnr,caiA,+
Fnr,caiT,+
Fnr,fixA,+
Fnr,fixB,+
Fnr,fixC,+
Fnr,fixX,+
Fnr,aroP,+
Fnr,pdhR,-
Fnr,aceE,-
Fnr,aceF,-
Fnr,lpd,-
Fnr,pdhR,+
Fnr,aceE,+
Fnr,aceF,+
Fnr,lpd,+
Fnr,aceE,-
Fnr,aceF,-
Fnr,aceE,-
Fnr,aceF,-
Fnr,lpd,-
Fnr,pdhR,-
Fnr,aceE,+
Fnr,aceF,+
Fnr,lpd,+
Fnr,pdhR,+
Fnr,lpd,+
Fnr,lpd,-
Fnr,glnD,+
Fnr,glnD,-
Fnr,metQ,+
Fnr,metI,+
Fnr,metN,+
Fnr,gmhB,+
Fnr,gmhB,-
Fnr,aspV,+
Fnr,aspV,-
Fnr,yafT,+
Fnr,yafT,-
Fnr,ddlA,-
Fnr,iraP,-
Fnr,cyoE,-
Fnr,cyoD,-
Fnr,cyoC,-
Fnr,cyoB,-
Fnr,cyoA,-
Fnr,glnK,-
Fnr,glnK,+
Fnr,amtB,-
Fnr,amtB,+
Fnr,nohB,+
Fnr,nohB,-
Fnr,fes,+
Fnr,entF,+
Fnr,fepE,+
Fnr,ybdN,+
Fnr,citG,-
Fnr,citX,-
Fnr,citF,-
Fnr,citE,-
Fnr,citD,-
Fnr,citC,-
Fnr,dpiB,-
Fnr,dpiA,-
Fnr,dcuC,+
Fnr,glnU,+
Fnr,glnV,+
Fnr,glnW,+
Fnr,glnX,+
Fnr,leuW,+
Fnr,metT,+
Fnr,metU,+
Fnr,glnU,-
Fnr,glnV,-
Fnr,glnW,-
Fnr,glnX,-
Fnr,leuW,-
Fnr,metT,-
Fnr,metU,-
Fnr,sdhC,-
Fnr,sdhD,-
Fnr,sdhA,-
Fnr,sdhB,-
Fnr,sucA,-
Fnr,sucB,-
Fnr,sucC,-
Fnr,sucD,-
Fnr,sucA,-
Fnr,sucB,-
Fnr,sucC,-
Fnr,sucD,-
Fnr,cydA,+
Fnr,cydA,-
Fnr,cydA,-
Fnr,cydB,+
Fnr,cydB,-
Fnr,cydB,-
Fnr,ybhK,+
Fnr,ybhK,-
Fnr,moaA,+
Fnr,moaA,+
Fnr,moaB,+
Fnr,moaB,+
Fnr,moaC,+
Fnr,moaC,+
Fnr,moaD,+
Fnr,moaD,+
Fnr,moaE,+
Fnr,moaE,+
Fnr,ompX,-
Fnr,ybiS,-
Fnr,ybiT,+
Fnr,ybiT,-
Fnr,ybiW,+
Fnr,ybiW,-
Fnr,ybiY,+
Fnr,ybiY,-
Fnr,fsaA,+
Fnr,fsaA,-
Fnr,moeB,-
Fnr,moeA,-
Fnr,rimO,+
Fnr,rimO,-
Fnr,bssR,+
Fnr,hcp,+
Fnr,hcr,+
Fnr,hcp,+
Fnr,hcr,+
Fnr,aqpZ,+
Fnr,aqpZ,-
Fnr,ybjD,+
Fnr,ybjD,-
Fnr,cydC,-
Fnr,cydD,-
Fnr,cydD,+
Fnr,cydC,+
Fnr,dmsA,+
Fnr,dmsA,+
Fnr,dmsB,+
Fnr,dmsB,+
Fnr,dmsC,+
Fnr,dmsC,+
Fnr,focA,+
Fnr,pflB,+
Fnr,focA,+
Fnr,pflB,+
Fnr,focA,+
Fnr,pflB,+
Fnr,focA,-
Fnr,pflB,-
Fnr,aspC,+
Fnr,aspC,-
Fnr,ssuB,+
Fnr,ssuC,+
Fnr,ssuD,+
Fnr,ssuA,+
Fnr,ssuE,+
Fnr,pyrD,+
Fnr,ptsG,+
Fnr,ndh,-
Fnr,potD,+
Fnr,potC,+
Fnr,potB,+
Fnr,potA,+
Fnr,pepT,+
Fnr,pepT,+
Fnr,iraM,+
Fnr,hlyE,+
Fnr,dhaM,+
Fnr,dhaL,+
Fnr,dhaK,+
Fnr,dhaR,+
Fnr,dhaR,-
Fnr,hemA,-
Fnr,prfA,-
Fnr,prmC,-
Fnr,ychO,-
Fnr,narL,-
Fnr,narL,+
Fnr,narX,-
Fnr,narX,+
Fnr,narK,+
Fnr,narK,+
Fnr,narK,-
Fnr,narG,+
Fnr,narG,+
Fnr,narH,+
Fnr,narH,+
Fnr,narJ,+
Fnr,narJ,+
Fnr,narI,+
Fnr,narI,+
Fnr,adhE,+
Fnr,adhE,+
Fnr,adhE,-
Fnr,ychE,+
Fnr,ychE,-
Fnr,yciB,+
Fnr,yciB,-
Fnr,yciC,+
Fnr,yciC,-
Fnr,ompW,+
Fnr,ompW,+
Fnr,ompW,-
Fnr,acnA,-
Fnr,puuA,-
Fnr,puuP,-
Fnr,tpx,-
Fnr,fnr,-
Fnr,fnr,+
Fnr,dbpA,+
Fnr,dbpA,-
Fnr,uspF,+
Fnr,aldA,-
Fnr,ydcX,+
Fnr,ydcX,-
Fnr,ydcY,+
Fnr,ydcY,-
Fnr,yddG,+
Fnr,yddG,-
Fnr,fdnG,+
Fnr,fdnG,+
Fnr,fdnG,-
Fnr,fdnH,+
Fnr,fdnH,+
Fnr,fdnH,-
Fnr,fdnI,+
Fnr,fdnI,+
Fnr,fdnI,-
Fnr,uxaB,+
Fnr,uxaB,-
Fnr,ydeJ,+
Fnr,ydfZ,+
Fnr,tfaQ,+
Fnr,tfaQ,-
Fnr,ydfN,+
Fnr,ydfN,-
Fnr,nohA,+
Fnr,nohA,-
Fnr,ydfO,+
Fnr,ydfO,-
Fnr,ynfE,+
Fnr,ynfE,+
Fnr,ynfF,+
Fnr,ynfF,+
Fnr,ynfG,+
Fnr,ynfG,+
Fnr,ynfH,+
Fnr,ynfH,+
Fnr,dmsD,+
Fnr,dmsD,+
Fnr,ynfK,+
Fnr,fumC,-
Fnr,fumA,-
Fnr,anmK,+
Fnr,anmK,-
Fnr,slyB,+
Fnr,slyB,-
Fnr,slyA,+
Fnr,slyA,-
Fnr,ydhI,+
Fnr,ydhI,-
Fnr,ydhJ,+
Fnr,ydhJ,-
Fnr,ydhK,+
Fnr,ydhK,-
Fnr,ydhT,+
Fnr,ydhU,+
Fnr,ydhV,+
Fnr,ydhW,+
Fnr,ydhX,+
Fnr,ydhY,+
Fnr,ydhY,+
Fnr,ydhV,+
Fnr,ydhW,+
Fnr,ydhX,+
Fnr,ydhU,+
Fnr,ydhT,+
Fnr,pheM,-
Fnr,rplT,-
Fnr,ydjX,+
Fnr,ydjX,-
Fnr,ydjY,+
Fnr,ydjY,-
Fnr,ydjZ,+
Fnr,ydjZ,-
Fnr,ynjA,+
Fnr,ynjA,-
Fnr,ynjB,+
Fnr,ynjB,-
Fnr,ynjC,+
Fnr,ynjC,-
Fnr,ynjD,+
Fnr,ynjD,-
Fnr,ynjE,+
Fnr,gdhA,+
Fnr,msrB,-
Fnr,msrB,+
Fnr,gapA,+
Fnr,yeaD,+
Fnr,yeaI,+
Fnr,yeaI,-
Fnr,zwf,-
Fnr,pykA,+
Fnr,tar,+
Fnr,tap,+
Fnr,cheR,+
Fnr,cheB,+
Fnr,cheY,+
Fnr,cheZ,+
Fnr,yecR,+
Fnr,yecH,+
Fnr,tyrP,+
Fnr,tyrP,-
Fnr,yedE,-
Fnr,yedF,-
Fnr,nac,-
Fnr,yoeA,+
Fnr,yoeA,-
Fnr,gnd,-
Fnr,yeiL,-
Fnr,yeiQ,+
Fnr,yeiQ,-
Fnr,ccmH,+
Fnr,ccmG,+
Fnr,ccmF,+
Fnr,ccmE,+
Fnr,ccmD,+
Fnr,ccmC,+
Fnr,ccmB,+
Fnr,ccmA,+
Fnr,napC,+
Fnr,napB,+
Fnr,napH,+
Fnr,napG,+
Fnr,napA,+
Fnr,napD,+
Fnr,napF,+
Fnr,yfaL,+
Fnr,yfaL,-
Fnr,nrdA,-
Fnr,nrdB,-
Fnr,yfaE,-
Fnr,glpQ,+
Fnr,glpT,+
Fnr,glpA,+
Fnr,glpB,+
Fnr,glpC,+
Fnr,arnB,-
Fnr,arnC,-
Fnr,arnA,-
Fnr,arnD,-
Fnr,arnT,-
Fnr,arnF,-
Fnr,nuoN,-
Fnr,nuoN,+
Fnr,nuoM,-
Fnr,nuoM,+
Fnr,nuoL,-
Fnr,nuoL,+
Fnr,nuoK,-
Fnr,nuoK,+
Fnr,nuoJ,-
Fnr,nuoJ,+
Fnr,nuoI,-
Fnr,nuoI,+
Fnr,nuoH,-
Fnr,nuoH,+
Fnr,nuoG,-
Fnr,nuoG,+
Fnr,nuoF,-
Fnr,nuoF,+
Fnr,nuoE,-
Fnr,nuoE,+
Fnr,nuoC,-
Fnr,nuoC,+
Fnr,nuoB,-
Fnr,nuoB,+
Fnr,nuoA,-
Fnr,nuoA,+
Fnr,yfbV,+
Fnr,yfbV,-
Fnr,ackA,+
Fnr,ackA,+
Fnr,pta,+
Fnr,yfcC,+
Fnr,yfcC,-
Fnr,yfcZ,+
Fnr,fadL,+
Fnr,fadL,-
Fnr,emrY,+
Fnr,emrK,+
Fnr,yffL,+
Fnr,yffL,-
Fnr,yffQ,+
Fnr,yffQ,-
Fnr,yffR,+
Fnr,yffR,-
Fnr,yffS,-
Fnr,yffS,+
Fnr,hyfA,-
Fnr,hyfB,-
Fnr,hyfC,-
Fnr,hyfD,-
Fnr,hyfE,-
Fnr,hyfF,-
Fnr,hyfG,-
Fnr,hyfH,-
Fnr,hyfI,-
Fnr,hyfJ,-
Fnr,hyfR,-
Fnr,focB,-
Fnr,upp,+
Fnr,uraA,+
Fnr,upp,+
Fnr,uraA,+
Fnr,purM,-
Fnr,purM,+
Fnr,purN,-
Fnr,purN,+
Fnr,pdeF,+
Fnr,guaA,+
Fnr,guaB,+
Fnr,xseA,+
Fnr,xseA,-
Fnr,hmp,-
Fnr,grcA,-
Fnr,grcA,+
Fnr,yfiD,+
Fnr,ung,+
Fnr,ung,-
Fnr,rpsP,-
Fnr,rimM,-
Fnr,trmD,-
Fnr,rplS,-
Fnr,norV,-
Fnr,norW,-
Fnr,hypB,+
Fnr,hypC,+
Fnr,hypD,+
Fnr,hypE,+
Fnr,fhlA,+
Fnr,ygbA,-
Fnr,ygcN,+
Fnr,ygcN,-
Fnr,ygcO,+
Fnr,ygcO,-
Fnr,ygcP,+
Fnr,ygcP,-
Fnr,eno,-
Fnr,pyrG,-
Fnr,yqcA,-
Fnr,truC,-
Fnr,yqcC,-
Fnr,mltA,+
Fnr,mltA,-
Fnr,metV,+
Fnr,metW,+
Fnr,metZ,+
Fnr,metV,-
Fnr,metW,-
Fnr,metZ,-
Fnr,xdhA,+
Fnr,xdhB,+
Fnr,xdhC,+
Fnr,gcvP,+
Fnr,gcvH,+
Fnr,gcvT,+
Fnr,speB,+
Fnr,speB,-
Fnr,speA,+
Fnr,speA,-
Fnr,yqgB,+
Fnr,yqgB,-
Fnr,yqgC,+
Fnr,yqgD,+
Fnr,yqgD,-
Fnr,metK,+
Fnr,ansB,+
Fnr,hybG,+
Fnr,hybF,+
Fnr,hybE,+
Fnr,hybD,+
Fnr,hybC,+
Fnr,hybB,+
Fnr,hybA,+
Fnr,hybO,+
Fnr,yghW,+
Fnr,yqhA,+
Fnr,yqhA,-
Fnr,yghA,-
Fnr,yghB,+
Fnr,yghB,-
Fnr,yqjI,+
Fnr,aer,+
Fnr,uxaA,+
Fnr,uxaA,+
Fnr,uxaA,-
Fnr,uxaC,+
Fnr,uxaC,+
Fnr,uxaC,-
Fnr,exuT,+
Fnr,exuT,-
Fnr,tdcA,+
Fnr,tdcB,+
Fnr,tdcC,+
Fnr,tdcD,+
Fnr,tdcE,+
Fnr,tdcF,+
Fnr,tdcG,+
Fnr,tdcR,+
Fnr,tdcR,-
Fnr,yhaB,+
Fnr,yhaB,-
Fnr,yhaC,+
Fnr,yhaC,-
Fnr,garK,+
Fnr,garL,+
Fnr,garP,+
Fnr,garR,+
Fnr,rnpB,+
Fnr,garK,-
Fnr,garL,-
Fnr,garP,-
Fnr,garR,-
Fnr,rnpB,-
Fnr,garP,+
Fnr,garL,+
Fnr,garR,+
Fnr,garK,+
Fnr,rnpB,+
Fnr,garD,+
Fnr,garD,-
Fnr,yhbS,+
Fnr,yhbT,+
Fnr,yhbU,+
Fnr,yhbV,+
Fnr,infB,+
Fnr,metY,+
Fnr,nusA,+
Fnr,pnp,+
Fnr,rbfA,+
Fnr,rimP,+
Fnr,rpsO,+
Fnr,truB,+
Fnr,argG,+
Fnr,argG,-
Fnr,leuU,+
Fnr,secG,+
Fnr,rpmA,+
Fnr,rpmA,-
Fnr,rplU,+
Fnr,rplU,-
Fnr,ispB,+
Fnr,ispB,-
Fnr,yhcC,+
Fnr,yhcC,-
Fnr,gltB,-
Fnr,gltD,-
Fnr,gltF,-
Fnr,gltB,+
Fnr,gltD,+
Fnr,gltF,+
Fnr,gltB,-
Fnr,gltD,-
Fnr,gltF,-
Fnr,rpsI,-
Fnr,rplM,-
Fnr,acrE,+
Fnr,acrF,+
Fnr,rpsQ,+
Fnr,rpmC,+
Fnr,rplP,+
Fnr,rpsC,+
Fnr,rplV,+
Fnr,rpsS,+
Fnr,rplB,+
Fnr,rplW,+
Fnr,rplD,+
Fnr,rplC,+
Fnr,rpsJ,+
Fnr,nirB,+
Fnr,nirB,+
Fnr,nirD,+
Fnr,nirD,+
Fnr,nirC,+
Fnr,nirC,+
Fnr,cysG,+
Fnr,cysG,+
Fnr,feoA,+
Fnr,feoB,+
Fnr,feoC,+
Fnr,malQ,+
Fnr,malP,+
Fnr,asd,+
Fnr,asd,-
Fnr,yhgN,+
Fnr,yhgN,-
Fnr,nikA,+
Fnr,nikB,+
Fnr,nikC,+
Fnr,nikD,+
Fnr,nikE,+
Fnr,nikR,+
Fnr,nikA,+
Fnr,nikB,+
Fnr,nikC,+
Fnr,nikD,+
Fnr,nikE,+
Fnr,nikR,+
Fnr,yhiN,+
Fnr,yhiN,-
Fnr,pitA,+
Fnr,pitA,+
Fnr,uspB,-
Fnr,uspA,+
Fnr,uspA,-
Fnr,gadX,-
Fnr,gadW,-
Fnr,gadA,-
Fnr,yhjA,+
Fnr,bcsZ,+
Fnr,bcsB,+
Fnr,dppA,-
Fnr,dppB,-
Fnr,dppC,-
Fnr,dppD,-
Fnr,dppF,-
Fnr,yibN,+
Fnr,gpmM,+
Fnr,envC,+
Fnr,yibQ,+
Fnr,recF,+
Fnr,dnaN,+
Fnr,dnaA,+
Fnr,rpmH,+
Fnr,rnpA,+
Fnr,pstA,+
Fnr,pstC,+
Fnr,pstS,+
Fnr,pstB,+
Fnr,phoU,+
Fnr,viaA,+
Fnr,ravA,+
Fnr,kup,+
Fnr,kup,-
Fnr,ysgA,-
Fnr,sodA,-
Fnr,katG,+
Fnr,katG,+
Fnr,ubiC,-
Fnr,ubiA,-
Fnr,soxS,-
Fnr,soxR,-
Fnr,acs,+
Fnr,actP,+
Fnr,yjcH,+
Fnr,acs,-
Fnr,actP,-
Fnr,yjcH,-
Fnr,nrfA,+
Fnr,nrfA,+
Fnr,nrfB,+
Fnr,nrfB,+
Fnr,nrfC,+
Fnr,nrfC,+
Fnr,nrfD,+
Fnr,nrfD,+
Fnr,nrfE,+
Fnr,nrfE,+
Fnr,nrfF,+
Fnr,nrfF,+
Fnr,nrfG,+
Fnr,nrfG,+
Fnr,fdhF,+
Fnr,fumB,+
Fnr,dcuB,+
Fnr,fumB,+
Fnr,dcuR,+
Fnr,dcuS,+
Fnr,cadC,+
Fnr,aspA,+
Fnr,dcuA,+
Fnr,yjeH,+
Fnr,yjeH,-
Fnr,groS,-
Fnr,groL,-
Fnr,frdD,+
Fnr,frdD,+
Fnr,frdC,+
Fnr,frdC,+
Fnr,frdB,+
Fnr,frdB,+
Fnr,frdA,+
Fnr,frdA,+
Fnr,poxA,+
Fnr,poxA,-
Fnr,yjeT,+
Fnr,purA,+
Fnr,ytfE,-
Fnr,nrdG,+
Fnr,nrdG,+
Fnr,nrdD,+
Fnr,nrdD,+
Fnr,iraD,+
Fnr,hsdS,+
Fnr,hsdM,+
Fnr,hsdR,+
Fnr,mrr,+
Fnr,mrr,-
Fnr,fhuF,-
Fnr,leuV,-
Fnr,leuP,-
Fnr,leuQ,-
Fnr,arcA,-
Fnr,arcA,+
Fnr,arcA,+
Fnr,arcA,-
Fnr,yjjY,+
Fnr,yjjY,-
Fnr,csrB,-
Fnr,ybdZ,+
Fnr,ynfO,+
Fnr,ynfO,-
Fnr,arnE,-
Fnr,yjjZ,+
Fnr,yjjZ,-
Fnr,yncL,+
Fnr,yncL,-
Fnr,fnrS,+
Fnr,fnrS,+
Fnr,fnrS,-
FeaR,feaB,+
FeaR,tynA,+
PaaX,paaZ,-
PaaX,paaA,-
PaaX,paaB,-
PaaX,paaC,-
PaaX,paaD,-
PaaX,paaE,-
PaaX,paaF,-
PaaX,paaG,-
PaaX,paaH,-
PaaX,paaI,-
PaaX,paaJ,-
PaaX,paaK,-
PaaX,paaX,-
PaaX,paaY,-
SutR,sutR,+
SutR,fliA,-
SutR,fliZ,-
SutR,tcyJ,-
SutR,cysE,-
McbR,mcbA,-
McbR,yciE,+
McbR,yciF,+
McbR,yciG,+
YdeO,gadF,+
YdeO,hyaA,+
YdeO,hyaB,+
YdeO,hyaC,+
YdeO,hyaD,+
YdeO,hyaE,+
YdeO,hyaF,+
YdeO,appC,+
YdeO,appB,+
YdeO,appX,+
YdeO,appA,+
YdeO,ydeO,-
YdeO,safA,-
YdeO,slp,+
YdeO,dctR,+
YdeO,gadE,+
YdeO,gadE,+
YdeO,gadF,+
YdeO,mdtE,+
YdeO,mdtF,+
YdeO,gadW,+
YdeO,yiiS,+
YdeO,uspD,+
HipA;hipB,hipA,-
HipA;hipB,hipB,-
HipA;hipB,mazF,-
HipA;hipB,mazE,-
HipA;hipB,relA,-
HipB,hipA,-
HipB,hipB,-
HipB,mazF,-
HipB,mazE,-
HipB,relA,-
HipB,fadH,-
LsrR,lsrR,-
LsrR,lsrK,-
LsrR,lsrA,-
LsrR,lsrC,-
LsrR,lsrD,-
LsrR,lsrB,-
LsrR,lsrF,-
LsrR,lsrG,-
LsrR,tam,-
MarR,marR,-
MarR,marA,-
MarR,marB,-
MarA,decR,+
MarA,acrA,+
MarA,acrB,+
MarA,nfsB,+
MarA,acrZ,+
MarA,ybjC,+
MarA,nfsA,+
MarA,rimK,+
MarA,ybjN,+
MarA,poxB,+
MarA,pqiA,+
MarA,pqiB,+
MarA,putA,+
MarA,acnA,+
MarA,yncE,+
MarA,marR,+
MarA,marA,+
MarA,marB,+
MarA,fumC,+
MarA,zwf,+
MarA,nfo,+
MarA,inaA,+
MarA,tolC,+
MarA,ygiA,+
MarA,ygiB,+
MarA,ygiC,+
MarA,slp,-
MarA,dctR,-
MarA,hdeA,-
MarA,hdeB,-
MarA,yhiD,-
MarA,waaY,+
MarA,waaZ,+
MarA,sodA,+
MarA,fpr,+
MarA,purA,-
MarA,rob,-
MarA,micF,+
RelB,hokD,-
RelB,relE,-
RelB,relB,-
DicA,ydfW,-
DicA,ydfX,-
DicA,dicC,-
DicA,dicB,-
DicA,ydfD,-
DicA,ydfE,-
DicA,insD,-
DicA,intQ,-
Mlc,ptsG,-
Mlc,ynfK,-
Mlc,mlc,-
Mlc,manX,-
Mlc,manY,-
Mlc,manZ,-
Mlc,ptsH,-
Mlc,ptsI,-
Mlc,crr,-
Mlc,malT,-
RstA,ompF,-
RstA,csgG,-
RstA,csgF,-
RstA,csgE,-
RstA,csgD,-
RstA,narG,+
RstA,narH,+
RstA,narJ,+
RstA,narI,+
RstA,asr,+
UidR,uidC,-
UidR,uidB,-
UidR,uidA,-
UidR,uidR,-
MalI,malI,-
MalI,malX,-
MalI,malY,-
SlyA,hlyE,+
NemR,nemR,-
NemR,nemA,-
NemR,gloA,-
PurR,carA,-
PurR,carB,-
PurR,carA,+
PurR,carB,+
PurR,carA,-
PurR,carB,-
PurR,codB,-
PurR,codA,-
PurR,codB,-
PurR,codA,-
PurR,codB,+
PurR,codA,+
PurR,purK,-
PurR,purK,-
PurR,purK,+
PurR,purE,-
PurR,purE,-
PurR,purE,+
PurR,pyrD,-
PurR,pyrD,+
PurR,pyrD,-
PurR,pyrC,-
PurR,purB,-
PurR,purB,+
PurR,hflD,-
PurR,purB,-
PurR,prs,-
PurR,purR,-
PurR,purT,-
PurR,cvpA,-
PurR,purF,-
PurR,ubiX,-
PurR,cvpA,+
PurR,purF,+
PurR,ubiX,+
PurR,cvpA,-
PurR,purF,-
PurR,ubiX,-
PurR,purC,-
PurR,purC,-
PurR,purC,+
PurR,purM,-
PurR,purM,-
PurR,purM,+
PurR,purN,-
PurR,purN,-
PurR,purN,+
PurR,guaB,-
PurR,guaA,-
PurR,guaB,-
PurR,guaA,-
PurR,guaB,+
PurR,guaA,+
PurR,glyA,-
PurR,glnB,-
PurR,purL,-
PurR,purL,-
PurR,purL,+
PurR,gcvP,-
PurR,gcvH,-
PurR,gcvT,-
PurR,speA,-
PurR,speB,-
PurR,xanP,-
PurR,xanP,+
PurR,purD,-
PurR,purD,-
PurR,purH,-
PurR,purH,-
PurR,purA,-
PurR,pyrI,-
PurR,pyrI,+
PurR,pyrB,-
PurR,pyrB,+
PurR,pyrL,-
PurR,pyrL,+
IhfA;ihfB,carA,+
IhfA;ihfB,carB,+
IhfA;ihfB,carA,-
IhfA;ihfB,carB,-
IhfA;ihfB,folA,+
IhfA;ihfB,gcd,+
IhfA;ihfB,hpt,-
IhfA;ihfB,yadV,+
IhfA;ihfB,htrE,+
IhfA;ihfB,nmpC,-
IhfA;ihfB,gltA,+
IhfA;ihfB,sucA,-
IhfA;ihfB,sucB,-
IhfA;ihfB,sucC,-
IhfA;ihfB,sucD,-
IhfA;ihfB,glnQ,+
IhfA;ihfB,glnP,+
IhfA;ihfB,glnH,+
IhfA;ihfB,dps,+
IhfA;ihfB,dmsA,-
IhfA;ihfB,dmsB,-
IhfA;ihfB,dmsC,-
IhfA;ihfB,focA,+
IhfA;ihfB,pflB,+
IhfA;ihfB,ihfB,-
IhfA;ihfB,ompF,+
IhfA;ihfB,ssuB,+
IhfA;ihfB,ssuC,+
IhfA;ihfB,ssuD,+
IhfA;ihfB,ssuA,+
IhfA;ihfB,ssuE,+
IhfA;ihfB,csgG,+
IhfA;ihfB,csgF,+
IhfA;ihfB,csgE,+
IhfA;ihfB,csgD,+
IhfA;ihfB,ndh,-
IhfA;ihfB,hemA,+
IhfA;ihfB,prfA,+
IhfA;ihfB,prmC,+
IhfA;ihfB,narK,+
IhfA;ihfB,narG,+
IhfA;ihfB,narH,+
IhfA;ihfB,narJ,+
IhfA;ihfB,narI,+
IhfA;ihfB,pspA,+
IhfA;ihfB,pspB,+
IhfA;ihfB,pspC,+
IhfA;ihfB,pspD,+
IhfA;ihfB,pspE,+
IhfA;ihfB,fnr,+
IhfA;ihfB,paaZ,+
IhfA;ihfB,paaA,+
IhfA;ihfB,paaB,+
IhfA;ihfB,paaC,+
IhfA;ihfB,paaD,+
IhfA;ihfB,paaE,+
IhfA;ihfB,paaF,+
IhfA;ihfB,paaG,+
IhfA;ihfB,paaH,+
IhfA;ihfB,paaI,+
IhfA;ihfB,paaJ,+
IhfA;ihfB,paaK,+
IhfA;ihfB,sra,+
IhfA;ihfB,hipA,+
IhfA;ihfB,hipB,+
IhfA;ihfB,sodB,-
IhfA;ihfB,sufE,+
IhfA;ihfB,sufS,+
IhfA;ihfB,sufD,+
IhfA;ihfB,sufC,+
IhfA;ihfB,sufB,+
IhfA;ihfB,sufA,+
IhfA;ihfB,ihfA,-
IhfA;ihfB,osmE,-
IhfA;ihfB,flhD,-
IhfA;ihfB,flhC,-
IhfA;ihfB,tyrP,-
IhfA;ihfB,yeiL,+
IhfA;ihfB,ompC,-
IhfA;ihfB,atoD,+
IhfA;ihfB,atoA,+
IhfA;ihfB,atoE,+
IhfA;ihfB,atoB,+
IhfA;ihfB,glpQ,-
IhfA;ihfB,glpT,-
IhfA;ihfB,nuoN,-
IhfA;ihfB,nuoM,-
IhfA;ihfB,nuoL,-
IhfA;ihfB,nuoK,-
IhfA;ihfB,nuoJ,-
IhfA;ihfB,nuoI,-
IhfA;ihfB,nuoH,-
IhfA;ihfB,nuoG,-
IhfA;ihfB,nuoF,-
IhfA;ihfB,nuoE,-
IhfA;ihfB,nuoC,-
IhfA;ihfB,nuoB,-
IhfA;ihfB,nuoA,-
IhfA;ihfB,amiA,-
IhfA;ihfB,hemF,-
IhfA;ihfB,rseC,+
IhfA;ihfB,rseB,+
IhfA;ihfB,rseA,+
IhfA;ihfB,rpoE,+
IhfA;ihfB,proV,+
IhfA;ihfB,proW,+
IhfA;ihfB,proX,+
IhfA;ihfB,norV,+
IhfA;ihfB,norW,+
IhfA;ihfB,hycI,+
IhfA;ihfB,hycH,+
IhfA;ihfB,hycG,+
IhfA;ihfB,hycF,+
IhfA;ihfB,hycE,+
IhfA;ihfB,hycD,+
IhfA;ihfB,hycC,+
IhfA;ihfB,hycB,+
IhfA;ihfB,hycA,+
IhfA;ihfB,hypA,+
IhfA;ihfB,hypB,+
IhfA;ihfB,hypC,+
IhfA;ihfB,hypD,+
IhfA;ihfB,hypE,+
IhfA;ihfB,fhlA,+
IhfA;ihfB,cysH,+
IhfA;ihfB,cysI,+
IhfA;ihfB,cysJ,+
IhfA;ihfB,glcD,+
IhfA;ihfB,glcE,+
IhfA;ihfB,glcF,+
IhfA;ihfB,glcG,+
IhfA;ihfB,glcB,+
IhfA;ihfB,glcA,+
IhfA;ihfB,patA,-
IhfA;ihfB,patA,+
IhfA;ihfB,tdcA,+
IhfA;ihfB,tdcB,+
IhfA;ihfB,tdcC,+
IhfA;ihfB,tdcD,+
IhfA;ihfB,tdcE,+
IhfA;ihfB,tdcF,+
IhfA;ihfB,tdcG,+
IhfA;ihfB,mtr,-
IhfA;ihfB,gltB,+
IhfA;ihfB,gltD,+
IhfA;ihfB,gltF,+
IhfA;ihfB,dcuD,+
IhfA;ihfB,dusB,+
IhfA;ihfB,fis,+
IhfA;ihfB,nirB,+
IhfA;ihfB,nirD,+
IhfA;ihfB,nirC,+
IhfA;ihfB,cysG,+
IhfA;ihfB,envZ,-
IhfA;ihfB,ompR,-
IhfA;ihfB,rtcB,+
IhfA;ihfB,rtcA,+
IhfA;ihfB,rpoH,+
IhfA;ihfB,uspB,-
IhfA;ihfB,uspA,+
IhfA;ihfB,dppA,+
IhfA;ihfB,dppB,+
IhfA;ihfB,dppC,+
IhfA;ihfB,dppD,+
IhfA;ihfB,dppF,+
IhfA;ihfB,yiaJ,-
IhfA;ihfB,yiaK,+
IhfA;ihfB,yiaL,+
IhfA;ihfB,yiaM,+
IhfA;ihfB,yiaN,+
IhfA;ihfB,yiaO,+
IhfA;ihfB,lyxK,+
IhfA;ihfB,sgbH,+
IhfA;ihfB,sgbU,+
IhfA;ihfB,sgbE,+
IhfA;ihfB,ibpB,+
IhfA;ihfB,pstA,+
IhfA;ihfB,pstC,+
IhfA;ihfB,pstS,+
IhfA;ihfB,pstB,+
IhfA;ihfB,phoU,+
IhfA;ihfB,ilvL,-
IhfA;ihfB,ilvL,+
IhfA;ihfB,ilvX,-
IhfA;ihfB,ilvG_1,-
IhfA;ihfB,ilvG_2,-
IhfA;ihfB,ilvM,-
IhfA;ihfB,ilvE,-
IhfA;ihfB,ilvD,-
IhfA;ihfB,ilvA,-
IhfA;ihfB,ilvX,+
IhfA;ihfB,ilvG_1,+
IhfA;ihfB,ilvG_2,+
IhfA;ihfB,ilvM,+
IhfA;ihfB,ilvE,+
IhfA;ihfB,ilvD,+
IhfA;ihfB,ilvA,+
IhfA;ihfB,sodA,-
IhfA;ihfB,aceB,+
IhfA;ihfB,aceA,+
IhfA;ihfB,aceK,+
IhfA;ihfB,yjbE,+
IhfA;ihfB,yjbF,+
IhfA;ihfB,yjbG,+
IhfA;ihfB,yjbH,+
IhfA;ihfB,ubiC,-
IhfA;ihfB,ubiA,-
IhfA;ihfB,pspG,+
IhfA;ihfB,acs,-
IhfA;ihfB,yjcH,-
IhfA;ihfB,actP,-
IhfA;ihfB,acs,-
IhfA;ihfB,yjcH,-
IhfA;ihfB,actP,-
IhfA;ihfB,nrfA,+
IhfA;ihfB,nrfB,+
IhfA;ihfB,nrfC,+
IhfA;ihfB,nrfD,+
IhfA;ihfB,nrfE,+
IhfA;ihfB,nrfF,+
IhfA;ihfB,nrfG,+
IhfA;ihfB,adiA,+
IhfA;ihfB,ulaG,-
IhfA;ihfB,ulaA,-
IhfA;ihfB,ulaB,-
IhfA;ihfB,ulaC,-
IhfA;ihfB,ulaD,-
IhfA;ihfB,ulaE,-
IhfA;ihfB,ulaF,-
IhfA;ihfB,fimB,+
IhfA;ihfB,fimA,+
IhfA;ihfB,fimI,+
IhfA;ihfB,fimC,+
IhfA;ihfB,fimD,+
IhfA;ihfB,fimF,+
IhfA;ihfB,fimG,+
IhfA;ihfB,fimH,+
IhfA;ihfB,osmY,-
IhfA;ihfB,micF,-
IhfA;ihfB,glmY,+
ChbR,chbG,+
ChbR,chbF,+
ChbR,chbR,+
ChbR,chbA,+
ChbR,chbC,+
ChbR,chbB,+
NimR,nimR,-
NimR,nimT,-
KdgR,eda,-
KdgR,edd,-
KdgR,eda,-
FlhD;flhC,sroC,+
FlhD;flhC,gltL,+
FlhD;flhC,gltK,+
FlhD;flhC,gltJ,+
FlhD;flhC,gltI,+
FlhD;flhC,flgN,+
FlhD;flhC,flgM,+
FlhD;flhC,flgA,+
FlhD;flhC,flgB,+
FlhD;flhC,flgC,+
FlhD;flhC,flgD,+
FlhD;flhC,flgE,+
FlhD;flhC,flgF,+
FlhD;flhC,flgG,+
FlhD;flhC,flgH,+
FlhD;flhC,flgI,+
FlhD;flhC,flgJ,+
FlhD;flhC,flgK,+
FlhD;flhC,flgL,+
FlhD;flhC,ycgR,+
FlhD;flhC,flhE,+
FlhD;flhC,flhA,+
FlhD;flhC,flhB,+
FlhD;flhC,yecR,+
FlhD;flhC,fliA,+
FlhD;flhC,fliZ,+
FlhD;flhC,tcyJ,+
FlhD;flhC,fliD,+
FlhD;flhC,fliS,+
FlhD;flhC,fliT,+
FlhD;flhC,fliE,+
FlhD;flhC,fliF,+
FlhD;flhC,fliG,+
FlhD;flhC,fliH,+
FlhD;flhC,fliI,+
FlhD;flhC,fliJ,+
FlhD;flhC,fliK,+
FlhD;flhC,fliL,+
FlhD;flhC,fliM,+
FlhD;flhC,fliN,+
FlhD;flhC,fliO,+
FlhD;flhC,fliP,+
FlhD;flhC,fliQ,+
FlhD;flhC,fliR,+
FlhD;flhC,mglB,-
FlhD;flhC,mglA,-
FlhD;flhC,mglC,-
FlhD;flhC,ccmH,+
FlhD;flhC,ccmG,+
FlhD;flhC,ccmF,+
FlhD;flhC,ccmE,+
FlhD;flhC,ccmD,+
FlhD;flhC,ccmC,+
FlhD;flhC,ccmB,+
FlhD;flhC,ccmA,+
FlhD;flhC,napC,+
FlhD;flhC,napB,+
FlhD;flhC,napH,+
FlhD;flhC,napG,+
FlhD;flhC,napA,+
FlhD;flhC,napD,+
FlhD;flhC,napF,+
FlhD;flhC,glpA,+
FlhD;flhC,glpB,+
FlhD;flhC,glpC,+
FlhD;flhC,hydN,+
FlhD;flhC,hypF,+
FlhD;flhC,ygbK,+
FlhD;flhC,recC,+
FlhD;flhC,ppdC,+
FlhD;flhC,ygdB,+
FlhD;flhC,ppdB,+
FlhD;flhC,ppdA,+
FlhD;flhC,mdh,-
FlhD;flhC,pdeH,+
FlhD;flhC,nrfA,+
FlhD;flhC,nrfB,+
FlhD;flhC,nrfC,+
FlhD;flhC,nrfD,+
FlhD;flhC,nrfE,+
FlhD;flhC,nrfF,+
FlhD;flhC,nrfG,+
UvrY,ydeP,+
UvrY,luxS,+
UvrY,uhpT,+
UvrY,csrB,+
UvrY,csrC,+
SdiA,ftsQ,-
SdiA,ftsQ,+
SdiA,ftsA,-
SdiA,ftsZ,-
SdiA,ydiV,+
SdiA,gadW,+
FliZ,csgG,-
FliZ,csgF,-
FliZ,csgE,-
FliZ,csgD,-
FliZ,csgB,-
FliZ,csgA,-
FliZ,csgC,-
FliZ,pdeR,-
FliZ,gadB,-
FliZ,gadC,-
FliZ,flhD,-
FliZ,flhC,-
FliZ,mlrA,-
FliZ,hdeA,-
FliZ,hdeB,-
FliZ,yhiD,-
FliZ,gadE,-
FliZ,gadF,-
FliZ,mdtE,-
FliZ,mdtF,-
FliZ,osmY,-
RcsA;rcsB,csgG,-
RcsA;rcsB,csgF,-
RcsA;rcsB,csgE,-
RcsA;rcsB,csgD,-
RcsA;rcsB,flhD,-
RcsA;rcsB,flhC,-
RcsA;rcsB,rcsA,+
RcsA;rcsB,wcaB,+
RcsA;rcsB,wcaA,+
RcsA;rcsB,wzc,+
RcsA;rcsB,wzb,+
RcsA;rcsB,wza,+
RcsA;rcsB,yjbE,+
RcsA;rcsB,yjbF,+
RcsA;rcsB,yjbG,+
RcsA;rcsB,yjbH,+
YedW,cyoE,-
YedW,cyoD,-
YedW,cyoC,-
YedW,cyoB,-
YedW,cyoA,-
YedW,cusR,+
YedW,cusS,+
YedW,cusC,+
YedW,cusF,+
YedW,cusB,+
YedW,cusA,+
YedW,yedX,+
Cbl,tauA,+
Cbl,tauB,+
Cbl,tauC,+
Cbl,tauD,+
Cbl,ssuB,+
Cbl,ssuC,+
Cbl,ssuD,+
Cbl,ssuA,+
Cbl,ssuE,+
Nac,codB,+
Nac,codA,+
Nac,feaR,+
Nac,ydcS,+
Nac,ydcT,+
Nac,ydcU,+
Nac,ydcV,+
Nac,patD,+
Nac,gdhA,-
Nac,nac,-
Nac,nupC,+
Nac,gabD,+
Nac,gabT,+
Nac,gabP,+
Nac,serA,-
Nac,gltB,-
Nac,gltD,-
Nac,gltF,-
Nac,asnC,-
Nac,mioC,-
Nac,mnmG,-
YefM,yefM,-
YefM,yoeB,-
BaeR,spy,+
BaeR,mdtA,+
BaeR,mdtB,+
BaeR,mdtC,+
BaeR,mdtD,+
BaeR,baeS,+
BaeR,baeR,+
BaeR,acrD,+
GatR_1;gatR_2,gatD,-
GatR_1;gatR_2,gatC,-
GatR_1;gatR_2,gatB,-
GatR_1;gatR_2,gatA,-
GatR_1;gatR_2,gatZ,-
GatR_1;gatR_2,gatY,-
RcnR,rcnR,-
RcnR,rcnA,-
RcnR,rcnB,-
YehT,yjiY,+
MlrA,csgG,+
MlrA,csgF,+
MlrA,csgE,+
MlrA,csgD,+
MlrA,rpmA,+
MlrA,rplU,+
MlrA,yhbE,+
MlrA,obgE,+
MlrA,ibaG,+
MlrA,cadC,+
GalS,galE,+
GalS,galE,-
GalS,galT,+
GalS,galT,-
GalS,galK,+
GalS,galK,-
GalS,galM,+
GalS,galM,-
GalS,mglB,-
GalS,mglA,-
GalS,mglC,-
GalS,galS,-
GalS,galR,-
GalS,galP,-
YeiL,yeiL,+
NarP,hcp,+
NarP,hcr,+
NarP,hyaA,-
NarP,hyaB,-
NarP,hyaC,-
NarP,hyaD,-
NarP,hyaE,-
NarP,hyaF,-
NarP,fdnG,-
NarP,fdnH,-
NarP,fdnI,-
NarP,ydeP,-
NarP,ydhY,-
NarP,ydhV,-
NarP,ydhW,-
NarP,ydhX,-
NarP,ydhU,-
NarP,ydhT,-
NarP,yoaG,+
NarP,yeaR,+
NarP,ccmH,+
NarP,ccmH,-
NarP,ccmG,+
NarP,ccmG,-
NarP,ccmF,+
NarP,ccmF,-
NarP,ccmE,+
NarP,ccmE,-
NarP,ccmD,+
NarP,ccmD,-
NarP,ccmC,+
NarP,ccmC,-
NarP,ccmB,+
NarP,ccmB,-
NarP,ccmA,+
NarP,ccmA,-
NarP,napC,+
NarP,napC,-
NarP,napB,+
NarP,napB,-
NarP,napH,+
NarP,napH,-
NarP,napG,+
NarP,napG,-
NarP,napA,+
NarP,napA,-
NarP,napD,+
NarP,napD,-
NarP,napF,+
NarP,napF,-
NarP,norV,-
NarP,norW,-
NarP,nirB,+
NarP,nirD,+
NarP,nirC,+
NarP,cysG,+
NarP,nrfA,+
NarP,nrfB,+
NarP,nrfC,+
NarP,nrfD,+
NarP,nrfE,+
NarP,nrfF,+
NarP,nrfG,+
NarP,fdhF,+
NarP,ytfE,+
Ada,alkA,+
Ada,ada,+
Ada,alkB,+
Ada,aidB,+
RcsB,ftsA,+
RcsB,ftsZ,+
RcsB,lolA,+
RcsB,rarA,+
RcsB,osmB,+
RcsB,bdm,+
RcsB,sra,+
RcsB,osmC,+
RcsB,gadB,+
RcsB,gadC,+
RcsB,ydeO,+
RcsB,safA,+
RcsB,ydeP,+
RcsB,rseC,+
RcsB,rseB,+
RcsB,rseA,+
RcsB,rpoE,+
RcsB,hdeA,+
RcsB,hdeB,+
RcsB,yhiD,+
RcsB,hdeD,+
RcsB,gadA,-
RcsB,gadX,-
RcsB,rprA,+
RcsB,gadY,+
RcsB;bglJ,leuO,+
RcsB;bglJ,ykiA,+
RcsB;bglJ,ynbA,+
RcsB;bglJ,ynbB,+
RcsB;bglJ,ynbC,+
RcsB;bglJ,ynbD,+
RcsB;bglJ,ynjI,+
RcsB;bglJ,yecT,+
RcsB;bglJ,molR_1,+
RcsB;bglJ,yqhG,+
RcsB;bglJ,ygiZ,+
RcsB;bglJ,sfsB,+
RcsB;bglJ,yidL,+
RcsB;bglJ,bglG,+
RcsB;bglJ,bglF,+
RcsB;bglJ,bglB,+
AtoC,atoD,+
AtoC,atoA,+
AtoC,atoE,+
AtoC,atoB,+
LrhA,flhD,-
LrhA,flhC,-
LrhA,lrhA,+
LrhA,fimE,+
DsdC,dsdC,-
DsdC,dsdX,+
DsdC,dsdA,+
EvgA,ydeO,+
EvgA,safA,+
EvgA,ydeP,+
EvgA,yegZ,+
EvgA,yegR,+
EvgA,emrY,+
EvgA,emrK,+
EvgA,evgA,+
EvgA,evgS,+
EvgA,yfdE,+
EvgA,yfdV,+
EvgA,oxc,+
EvgA,frc,+
EvgA,yfdX,+
EvgA,acrD,+
EvgA,gadE,+
EvgA,gadF,+
EvgA,mdtE,+
EvgA,mdtF,+
YpdB,yhjX,+
XapR,xapA,+
XapR,xapB,+
MurR,murR,-
MurR,murR,+
MurR,murQ,-
MurR,murP,-
HyfR,hyfA,+
HyfR,hyfB,+
HyfR,hyfC,+
HyfR,hyfD,+
HyfR,hyfE,+
HyfR,hyfF,+
HyfR,hyfG,+
HyfR,hyfH,+
HyfR,hyfI,+
HyfR,hyfJ,+
HyfR,hyfR,+
HyfR,focB,+
IscR,erpA,-
IscR,hyaA,-
IscR,hyaB,-
IscR,hyaC,-
IscR,hyaD,-
IscR,hyaE,-
IscR,hyaF,-
IscR,sufE,+
IscR,sufS,+
IscR,sufD,+
IscR,sufC,+
IscR,sufB,+
IscR,sufA,+
IscR,ydiU,+
IscR,napC,-
IscR,napB,-
IscR,napH,-
IscR,napG,-
IscR,napA,-
IscR,napD,-
IscR,napF,-
IscR,iscR,-
IscR,iscS,-
IscR,iscU,-
IscR,iscA,-
IscR,rnlA,-
IscR,rnlB,-
IscR,nrdH,+
IscR,nrdI,+
IscR,nrdE,+
IscR,nrdF,+
IscR,nfuA,-
HcaR,hcaR,-
HcaR,hcaE,+
HcaR,hcaF,+
HcaR,hcaC,+
HcaR,hcaB,+
HcaR,hcaD,+
GlrR,rseC,+
GlrR,rseB,+
GlrR,rseA,+
GlrR,rpoE,+
GlrR,glmY,+
CsiR,csiD,-
CsiR,lhgO,-
CsiR,gabD,-
CsiR,gabT,-
CsiR,gabP,-
StpA,leuO,-
StpA,stpA,-
StpA,ssrS,-
StpA,fau,-
StpA,bglG,-
StpA,bglF,-
StpA,bglB,-
MprA,acrA,-
MprA,acrB,-
MprA,nmpC,-
MprA,mprA,-
MprA,emrA,-
MprA,emrB,-
AlaS,alaS,-
GutM,srlA,+
GutM,srlE,+
GutM,srlB,+
GutM,srlD,+
GutM,gutM,+
GutM,srlR,+
GutM,gutQ,+
NorR,norR,-
NorR,norV,+
NorR,norW,+
AscG,prpR,-
AscG,htpG,-
AscG,ybiT,-
AscG,ascF,-
AscG,ascB,-
FhlA,hyfA,+
FhlA,hyfB,+
FhlA,hyfC,+
FhlA,hyfD,+
FhlA,hyfE,+
FhlA,hyfF,+
FhlA,hyfG,+
FhlA,hyfH,+
FhlA,hyfI,+
FhlA,hyfJ,+
FhlA,hyfR,+
FhlA,focB,+
FhlA,hydN,+
FhlA,hypF,+
FhlA,hycI,+
FhlA,hycH,+
FhlA,hycG,+
FhlA,hycF,+
FhlA,hycE,+
FhlA,hycD,+
FhlA,hycC,+
FhlA,hycB,+
FhlA,hycA,+
FhlA,hypA,+
FhlA,hypB,+
FhlA,hypC,+
FhlA,hypD,+
FhlA,hypE,+
FhlA,fhlA,+
FhlA,fdhF,+
MazE,mazE,-
MazE,mazF,-
MazE,mazG,-
MazE;mazF,mazE,-
MazE;mazF,mazF,-
MazE;mazF,mazG,-
FucR,fucA,+
FucR,fucO,+
FucR,fucP,+
FucR,fucI,+
FucR,fucK,+
FucR,fucU,+
FucR,fucR,+
GcvA,gcvA,-
GcvA,gcvP,-
GcvA,gcvP,+
GcvA,gcvH,-
GcvA,gcvH,+
GcvA,gcvT,-
GcvA,gcvT,+
GcvA,gcvB,+
GalR,galE,-
GalR,galE,+
GalR,galT,+
GalR,galT,-
GalR,galK,+
GalR,galK,-
GalR,galM,+
GalR,galM,-
GalR,mglB,-
GalR,mglA,-
GalR,mglC,-
GalR,galS,-
GalR,galR,-
GalR,galP,-
LysR,lysA,+
LysR,lysR,-
ArgP,dapB,+
ArgP,dapD,+
ArgP,gdhA,+
ArgP,lysP,+
ArgP,nrdA,+
ArgP,nrdB,+
ArgP,yfaE,+
ArgP,lysA,+
ArgP,argP,-
ArgP,argO,+
ArgP,recF,+
ArgP,dnaN,+
ArgP,dnaA,+
ArgP,lysC,+
GlcC,glcD,+
GlcC,glcE,+
GlcC,glcF,+
GlcC,glcG,+
GlcC,glcB,+
GlcC,glcA,+
GlcC,glcC,-
YqhC,yqhD,+
YqhC,dkgA,+
MqsA,cspD,-
MqsA,csgG,-
MqsA,csgF,-
MqsA,csgE,-
MqsA,csgD,-
MqsA,rpoS,-
MqsA,mqsR,-
MqsA,mqsA,-
QseB,flhD,+
QseB,flhC,+
QseB,qseB,+
QseB,qseC,+
Dan,ttdR,+
Dan,ttdA,+
Dan,ttdB,+
Dan,ttdT,+
YqjI,yqjH,-
YqjI,yqjI,-
EbgR,ebgA,-
EbgR,ebgC,-
HigA,higB,-
HigA,higA,-
ExuR,uxaB,-
ExuR,uxaA,-
ExuR,uxaC,-
ExuR,exuT,-
ExuR,exuR,-
ExuR,uxuA,-
ExuR,uxuB,-
ExuR,uxuR,-
ExuR,lgoR,-
TdcA,tdcA,+
TdcA,tdcB,+
TdcA,tdcC,+
TdcA,tdcD,+
TdcA,tdcE,+
TdcA,tdcF,+
TdcA,tdcG,+
AgaR,agaR,-
AgaR,kbaZ,-
AgaR,agaV,-
AgaR,agaW,-
AgaR,agaA,-
AgaR,agaS,-
AgaR,kbaY,-
AgaR,agaB,-
AgaR,agaC,-
AgaR,agaD,-
AgaR,agaI,-
NanR,nanA,-
NanR,nanT,-
NanR,nanE,-
NanR,nanK,-
NanR,yhcH,-
NanR,yjhB,-
NanR,yjhC,-
NanR,nanS,-
NanR,nanM,-
NanR,nanC,-
NanR,fimB,+
ArgR,carA,-
ArgR,carB,-
ArgR,carA,-
ArgR,carB,-
ArgR,yaaU,+
ArgR,ftsZ,-
ArgR,aroP,+
ArgR,crl,-
ArgR,argF,-
ArgR,argF,-
ArgR,ykgA,+
ArgR,yahA,+
ArgR,yahA,-
ArgR,dtpD,+
ArgR,dtpD,-
ArgR,dps,-
ArgR,dacC,-
ArgR,potF,-
ArgR,potG,-
ArgR,potH,-
ArgR,potI,-
ArgR,artJ,-
ArgR,artJ,-
ArgR,artM,-
ArgR,artM,-
ArgR,artQ,-
ArgR,artQ,-
ArgR,artI,-
ArgR,artI,-
ArgR,artP,-
ArgR,artP,-
ArgR,lysO,-
ArgR,ybjE,-
ArgR,trxB,-
ArgR,lrp,-
ArgR,mukE,-
ArgR,mukB,-
ArgR,ycbU,+
ArgR,ycbU,-
ArgR,ycbV,+
ArgR,ycbV,-
ArgR,ycbF,+
ArgR,ycbF,-
ArgR,ycbW,+
ArgR,ycbW,-
ArgR,ycfD,+
ArgR,ycfD,-
ArgR,narL,+
ArgR,narL,-
ArgR,puuB,+
ArgR,puuE,+
ArgR,ydeN,+
ArgR,ydeN,-
ArgR,ydgI,-
ArgR,folM,-
ArgR,pfkB,-
ArgR,astE,+
ArgR,astE,+
ArgR,astB,+
ArgR,astB,+
ArgR,astD,+
ArgR,astD,+
ArgR,astA,+
ArgR,astA,+
ArgR,astC,+
ArgR,astC,+
ArgR,yeaJ,+
ArgR,yeaJ,-
ArgR,yoaI,+
ArgR,yoaI,-
ArgR,yeaL,+
ArgR,yeaL,-
ArgR,hchA,-
ArgR,asnT,+
ArgR,asnT,-
ArgR,hisL,-
ArgR,hisG,-
ArgR,hisD,-
ArgR,hisC,-
ArgR,hisB,-
ArgR,hisH,-
ArgR,hisA,-
ArgR,hisF,-
ArgR,hisI,-
ArgR,galS,+
ArgR,yfcC,-
ArgR,hisP,-
ArgR,hisP,-
ArgR,hisM,-
ArgR,hisM,-
ArgR,hisQ,-
ArgR,hisQ,-
ArgR,hisJ,-
ArgR,hisJ,-
ArgR,ubiX,-
ArgR,purF,-
ArgR,cvpA,-
ArgR,yffL,+
ArgR,yffL,-
ArgR,eutM,+
ArgR,eutD,+
ArgR,eutT,+
ArgR,eutQ,+
ArgR,eutP,+
ArgR,eutS,+
ArgR,yffB,+
ArgR,dapE,+
ArgR,hcaT,+
ArgR,hcaT,-
ArgR,yqaE,-
ArgR,stpA,-
ArgR,argA,-
ArgR,argA,-
ArgR,plsC,+
ArgR,yraQ,+
ArgR,yraQ,-
ArgR,pnp,-
ArgR,rpsO,-
ArgR,truB,-
ArgR,rbfA,-
ArgR,infB,-
ArgR,nusA,-
ArgR,rimP,-
ArgR,metY,-
ArgR,metY,-
ArgR,rimP,-
ArgR,nusA,-
ArgR,infB,-
ArgR,rbfA,-
ArgR,truB,-
ArgR,rpsO,-
ArgR,pnp,-
ArgR,argG,-
ArgR,argG,-
ArgR,glmM,-
ArgR,gltB,-
ArgR,gltD,-
ArgR,gltF,-
ArgR,gltB,-
ArgR,gltD,-
ArgR,gltF,-
ArgR,argR,-
ArgR,argR,-
ArgR,mreD,-
ArgR,mreC,-
ArgR,mreB,-
ArgR,argD,-
ArgR,argD,-
ArgR,trpS,-
ArgR,gph,-
ArgR,rpe,-
ArgR,dam,-
ArgR,damX,-
ArgR,aroB,-
ArgR,aroK,-
ArgR,waaK,-
ArgR,rfaZ,-
ArgR,waaY,-
ArgR,waaJ,-
ArgR,waaI,-
ArgR,waaB,-
ArgR,rfaS,-
ArgR,waaP,-
ArgR,waaG,-
ArgR,waaQ,-
ArgR,atpC,-
ArgR,atpD,-
ArgR,atpG,-
ArgR,atpA,-
ArgR,atpH,-
ArgR,atpF,-
ArgR,atpE,-
ArgR,atpB,-
ArgR,atpI,-
ArgR,argE,-
ArgR,argE,-
ArgR,argC,-
ArgR,argC,-
ArgR,argB,-
ArgR,argB,-
ArgR,argH,-
ArgR,argH,-
ArgR,gltP,+
ArgR,phnP,+
ArgR,phnO,+
ArgR,phnN,+
ArgR,pyrI,-
ArgR,pyrB,-
ArgR,pyrL,-
ArgR,argI,-
ArgR,argI,-
ArgR,isrA,-
ArgR,ypfN,+
ArgR,yoeI,+
ArgR,yoeI,-
AccB,accB,-
AccB,accC,-
Fis,carA,+
Fis,carB,+
Fis,apaH,+
Fis,apaG,+
Fis,rsmA,+
Fis,pdxA,+
Fis,lpd,+
Fis,acnB,-
Fis,rrsH,+
Fis,ileV,+
Fis,alaV,+
Fis,rrlH,+
Fis,rrfH,+
Fis,aspV,+
Fis,thrW,+
Fis,queA,+
Fis,cyoE,+
Fis,cyoD,+
Fis,cyoC,+
Fis,cyoB,+
Fis,cyoA,+
Fis,hupB,-
Fis,lysT,+
Fis,valT,+
Fis,lysW,+
Fis,glnQ,-
Fis,dps,-
Fis,dmsA,-
Fis,dmsB,-
Fis,dmsC,-
Fis,pflB,-
Fis,pyrD,-
Fis,hyaA,-
Fis,hyaB,-
Fis,hyaC,-
Fis,hyaD,-
Fis,hyaE,-
Fis,hyaF,-
Fis,cbpM,-
Fis,cbpA,-
Fis,serX,+
Fis,ptsG,-
Fis,ptsG,+
Fis,ndh,+
Fis,hlyE,-
Fis,narK,-
Fis,narG,-
Fis,narH,-
Fis,narJ,-
Fis,narI,-
Fis,tyrT,+
Fis,tyrV,+
Fis,tpr,+
Fis,hns,+
Fis,adhE,+
Fis,topA,-
Fis,topA,+
Fis,ogt,-
Fis,trg,+
Fis,sra,+
Fis,gadB,-
Fis,gadC,-
Fis,marR,+
Fis,marA,+
Fis,marB,+
Fis,cspI,-
Fis,flxA,+
Fis,katE,-
Fis,osmE,-
Fis,yoaG,-
Fis,yeaR,-
Fis,mglC,-
Fis,mglA,-
Fis,proL,+
Fis,gyrA,-
Fis,nrdA,+
Fis,nrdB,+
Fis,yfaE,+
Fis,glpQ,+
Fis,glpT,+
Fis,glpA,+
Fis,glpB,+
Fis,glpC,+
Fis,nuoN,+
Fis,nuoM,+
Fis,nuoL,+
Fis,nuoK,+
Fis,nuoJ,+
Fis,nuoI,+
Fis,nuoH,+
Fis,nuoG,+
Fis,nuoF,+
Fis,nuoE,+
Fis,nuoC,+
Fis,nuoB,+
Fis,nuoA,+
Fis,argW,+
Fis,alaX,+
Fis,alaW,+
Fis,gltX,-
Fis,valU,+
Fis,valX,+
Fis,valY,+
Fis,lysV,+
Fis,guaB,-
Fis,guaA,-
Fis,grcA,+
Fis,rrfG,+
Fis,rrlG,+
Fis,gltW,+
Fis,rrsG,+
Fis,mazE,+
Fis,mazF,+
Fis,mazG,+
Fis,glyU,+
Fis,ssrS,+
Fis,ssrS,-
Fis,fau,-
Fis,fau,+
Fis,ansB,-
Fis,pheV,+
Fis,glcC,-
Fis,patA,+
Fis,patA,-
Fis,rnpB,+
Fis,metY,+
Fis,rimP,+
Fis,nusA,+
Fis,infB,+
Fis,rbfA,+
Fis,truB,+
Fis,rpsO,+
Fis,pnp,+
Fis,nanA,-
Fis,nanT,-
Fis,nanE,-
Fis,nanK,-
Fis,yhcH,-
Fis,rpsI,-
Fis,rplM,-
Fis,dusB,-
Fis,fis,-
Fis,rrfF,+
Fis,thrV,+
Fis,rrfD,+
Fis,rrlD,+
Fis,alaU,+
Fis,ileU,+
Fis,rrsD,+
Fis,crp,-
Fis,nirB,-
Fis,nirD,-
Fis,nirC,-
Fis,cysG,-
Fis,gadA,-
Fis,gadX,-
Fis,proK,+
Fis,cspA,+
Fis,xylF,-
Fis,xylG,-
Fis,xylH,-
Fis,xylR,-
Fis,aldB,-
Fis,mtlA,-
Fis,mtlD,-
Fis,mtlR,-
Fis,gyrB,-
Fis,bglG,-
Fis,bglF,-
Fis,bglB,-
Fis,rrsC,+
Fis,gltU,+
Fis,rrlC,+
Fis,rrfC,+
Fis,argX,+
Fis,hisR,+
Fis,leuT,+
Fis,proM,+
Fis,fadA,+
Fis,fadB,+
Fis,rrsA,+
Fis,ileT,+
Fis,alaT,+
Fis,rrlA,+
Fis,rrfA,+
Fis,glnG,+
Fis,glnL,+
Fis,glnA,+
Fis,trmA,+
Fis,rrsB,+
Fis,gltT,+
Fis,rrlB,+
Fis,rrfB,+
Fis,thrU,+
Fis,tyrU,+
Fis,glyT,+
Fis,thrT,+
Fis,tufB,+
Fis,hupA,+
Fis,rrsE,+
Fis,gltV,+
Fis,rrlE,+
Fis,rrfE,+
Fis,malE,+
Fis,malF,+
Fis,malG,+
Fis,acs,-
Fis,yjcH,-
Fis,actP,-
Fis,acs,-
Fis,yjcH,-
Fis,actP,-
Fis,nrfA,-
Fis,nrfB,-
Fis,nrfC,-
Fis,nrfD,-
Fis,nrfE,-
Fis,nrfF,-
Fis,nrfG,-
Fis,proP,+
Fis,fumB,-
Fis,pheU,+
Fis,msrA,-
Fis,leuX,+
Fis,leuQ,+
Fis,leuP,+
Fis,leuV,+
Fis,osmY,-
Fis,deoC,+
Fis,deoA,+
Fis,deoB,+
Fis,deoD,+
EnvR,acrA,-
EnvR,acrB,-
ZntR,zntA,+
Crp,sroD,+
Crp,thrL,-
Crp,thrA,-
Crp,thrB,-
Crp,thrC,-
Crp,thrL,+
Crp,thrA,+
Crp,thrB,+
Crp,thrC,+
Crp,caiF,+
Crp,caiE,+
Crp,caiD,+
Crp,caiC,+
Crp,caiB,+
Crp,caiA,+
Crp,caiT,+
Crp,fixA,+
Crp,fixB,+
Crp,fixC,+
Crp,fixX,+
Crp,araD,+
Crp,araA,+
Crp,araB,+
Crp,araC,+
Crp,hofC,+
Crp,hofB,+
Crp,ppdD,+
Crp,nadC,+
Crp,ampD,-
Crp,ampE,-
Crp,pdhR,+
Crp,aceE,+
Crp,aceF,+
Crp,lpd,+
Crp,lpd,-
Crp,acnB,+
Crp,gcd,-
Crp,hpt,+
Crp,yadG,+
Crp,yadG,-
Crp,yadH,+
Crp,yadH,-
Crp,yadI,-
Crp,sfsA,+
Crp,dksA,+
Crp,rof,-
Crp,yaeQ,-
Crp,arfB,-
Crp,nlpE,-
Crp,prpR,+
Crp,prpB,+
Crp,prpC,+
Crp,prpD,+
Crp,prpE,+
Crp,lacZ,+
Crp,lacY,+
Crp,lacA,+
Crp,lacZ,-
Crp,lacY,-
Crp,lacA,-
Crp,lacI,+
Crp,mhpR,+
Crp,mhpA,+
Crp,mhpB,+
Crp,mhpC,+
Crp,mhpD,+
Crp,mhpF,+
Crp,mhpE,+
Crp,yaiY,+
Crp,yaiZ,-
Crp,araJ,+
Crp,tsx,-
Crp,tsx,+
Crp,tsx,-
Crp,cyoE,+
Crp,cyoD,+
Crp,cyoC,+
Crp,cyoB,+
Crp,cyoA,+
Crp,hupB,+
Crp,nmpC,+
Crp,nmpC,-
Crp,entD,+
Crp,fepA,+
Crp,entC,+
Crp,entE,+
Crp,entB,+
Crp,entA,+
Crp,entH,+
Crp,cstA,+
Crp,cstA,-
Crp,rnk,-
Crp,citG,-
Crp,citX,-
Crp,citF,-
Crp,citE,-
Crp,citD,-
Crp,citC,-
Crp,dpiB,-
Crp,dpiA,-
Crp,cspE,+
Crp,cspE,-
Crp,nagB,-
Crp,nagA,-
Crp,nagC,-
Crp,umpH,-
Crp,nagB,+
Crp,nagA,+
Crp,nagC,+
Crp,umpH,+
Crp,nagE,+
Crp,nagE,-
Crp,chiP,+
Crp,ybfN,+
Crp,fur,+
Crp,gltA,+
Crp,gltA,-
Crp,sdhC,+
Crp,sdhD,+
Crp,sdhA,+
Crp,sdhB,+
Crp,sucA,+
Crp,sucB,+
Crp,sucC,+
Crp,sucD,+
Crp,sdhC,-
Crp,sdhD,-
Crp,sdhA,-
Crp,sdhB,-
Crp,sucA,-
Crp,sucB,-
Crp,sucC,-
Crp,sucD,-
Crp,sdhD,+
Crp,sdhA,+
Crp,sdhB,+
Crp,ybgS,+
Crp,galE,+
Crp,galE,-
Crp,galT,-
Crp,galT,+
Crp,galK,-
Crp,galK,+
Crp,galM,+
Crp,galM,-
Crp,modA,+
Crp,modB,+
Crp,modC,+
Crp,fiu,+
Crp,ybiP,-
Crp,ldtB,-
Crp,ybiS,+
Crp,ybiT,+
Crp,cspD,+
Crp,cspD,-
Crp,clpS,+
Crp,clpS,-
Crp,clpA,+
Crp,focA,+
Crp,pflB,+
Crp,serC,-
Crp,aroA,-
Crp,ompF,+
Crp,pncB,-
Crp,rmf,+
Crp,ompA,+
Crp,sxy,+
Crp,agp,+
Crp,putP,-
Crp,ycdZ,+
Crp,ycdZ,+
Crp,csgG,+
Crp,csgF,+
Crp,csgE,+
Crp,csgD,+
Crp,ptsG,+
Crp,ptsG,-
Crp,comR,-
Crp,bhsA,-
Crp,hlyE,+
Crp,dadA,+
Crp,dadX,+
Crp,ychH,+
Crp,ychH,-
Crp,ompW,-
Crp,ompW,-
Crp,sohB,-
Crp,acnA,+
Crp,puuD,-
Crp,puuR,-
Crp,puuC,-
Crp,puuB,-
Crp,puuE,-
Crp,pspA,-
Crp,pspB,-
Crp,pspC,-
Crp,pspD,-
Crp,pspE,-
Crp,pspA,+
Crp,pspB,+
Crp,pspC,+
Crp,pspD,+
Crp,pspE,+
Crp,ycjM,-
Crp,ycjM,+
Crp,ycjN,+
Crp,ycjN,-
Crp,ycjO,+
Crp,ycjO,-
Crp,ycjP,+
Crp,ycjP,-
Crp,ycjQ,+
Crp,ycjQ,-
Crp,ycjR,+
Crp,ycjR,-
Crp,ycjS,+
Crp,ycjS,-
Crp,ycjT,+
Crp,ycjT,-
Crp,ycjU,+
Crp,ycjU,-
Crp,ompG,+
Crp,ompG,-
Crp,feaR,+
Crp,feaB,+
Crp,paaZ,+
Crp,paaA,+
Crp,paaB,+
Crp,paaC,+
Crp,paaD,+
Crp,paaE,+
Crp,paaF,+
Crp,paaG,+
Crp,paaH,+
Crp,paaI,+
Crp,paaJ,+
Crp,paaK,+
Crp,aldA,+
Crp,aldA,-
Crp,mokB,-
Crp,trg,+
Crp,trg,-
Crp,gadB,-
Crp,gadC,-
Crp,lsrR,+
Crp,lsrK,+
Crp,lsrA,+
Crp,lsrC,+
Crp,lsrD,+
Crp,lsrB,+
Crp,lsrF,+
Crp,lsrG,+
Crp,tam,+
Crp,uxaB,+
Crp,marR,+
Crp,marA,+
Crp,marB,+
Crp,ynfK,+
Crp,mlc,-
Crp,mlc,+
Crp,fumC,+
Crp,fumC,+
Crp,fumC,-
Crp,fumC,+
Crp,fumA,+
Crp,fumA,-
Crp,fumA,+
Crp,manA,+
Crp,uidC,+
Crp,uidB,+
Crp,uidA,+
Crp,malI,+
Crp,malX,+
Crp,malY,+
Crp,sodB,-
Crp,chbG,+
Crp,chbF,+
Crp,chbR,+
Crp,chbA,+
Crp,chbC,+
Crp,chbB,+
Crp,gdhA,-
Crp,yeaC,-
Crp,msrB,-
Crp,gapA,+
Crp,fadD,+
Crp,manX,+
Crp,manX,-
Crp,manY,+
Crp,manY,-
Crp,manZ,+
Crp,manZ,-
Crp,cspC,-
Crp,cspC,+
Crp,yobF,-
Crp,yobF,+
Crp,flhC,-
Crp,flhC,+
Crp,flhD,-
Crp,flhD,+
Crp,flhD,+
Crp,flhC,+
Crp,araG,+
Crp,araF,+
Crp,yedP,+
Crp,mtfA,-
Crp,sbmC,+
Crp,mdtA,+
Crp,mdtB,+
Crp,mdtC,+
Crp,mdtD,+
Crp,baeS,+
Crp,baeR,+
Crp,mdtA,-
Crp,mdtB,-
Crp,mdtC,-
Crp,mdtD,-
Crp,baeS,-
Crp,baeR,-
Crp,gatD,+
Crp,gatD,-
Crp,gatD,+
Crp,gatC,+
Crp,gatC,-
Crp,gatC,+
Crp,gatB,+
Crp,gatB,-
Crp,gatB,+
Crp,gatA,+
Crp,gatA,-
Crp,gatA,+
Crp,gatZ,+
Crp,gatZ,-
Crp,gatZ,+
Crp,gatY,+
Crp,gatY,-
Crp,gatY,+
Crp,mlrA,+
Crp,cdd,+
Crp,cdd,+
Crp,preT,+
Crp,preA,+
Crp,mglB,+
Crp,mglA,+
Crp,mglC,+
Crp,mglB,-
Crp,mglA,-
Crp,mglC,-
Crp,galS,+
Crp,cirA,+
Crp,setB,-
Crp,yeiP,+
Crp,yeiQ,-
Crp,mepS,-
Crp,rtn,-
Crp,gyrA,+
Crp,ubiG,+
Crp,nrdA,+
Crp,nrdB,+
Crp,yfaE,+
Crp,glpQ,+
Crp,glpT,+
Crp,glpA,+
Crp,glpB,+
Crp,glpC,+
Crp,nuoN,-
Crp,nuoN,+
Crp,nuoM,-
Crp,nuoM,+
Crp,nuoL,-
Crp,nuoL,+
Crp,nuoK,-
Crp,nuoK,+
Crp,nuoJ,-
Crp,nuoJ,+
Crp,nuoI,-
Crp,nuoI,+
Crp,nuoH,-
Crp,nuoH,+
Crp,nuoG,-
Crp,nuoG,+
Crp,nuoF,-
Crp,nuoF,+
Crp,nuoE,-
Crp,nuoE,+
Crp,nuoC,-
Crp,nuoC,+
Crp,nuoB,-
Crp,nuoB,+
Crp,nuoA,-
Crp,nuoA,+
Crp,fadL,+
Crp,dsdX,+
Crp,dsdA,+
Crp,dsdA,+
Crp,mntH,+
Crp,nupC,+
Crp,yfeC,-
Crp,yfeC,+
Crp,yfeD,-
Crp,yfeD,+
Crp,ptsH,+
Crp,ptsI,+
Crp,crr,+
Crp,ptsH,-
Crp,ptsI,-
Crp,crr,-
Crp,ptsH,+
Crp,ptsI,+
Crp,crr,+
Crp,ucpA,-
Crp,murQ,+
Crp,murP,+
Crp,narQ,-
Crp,hyfA,+
Crp,hyfB,+
Crp,hyfC,+
Crp,hyfD,+
Crp,hyfE,+
Crp,hyfF,+
Crp,hyfG,+
Crp,hyfH,+
Crp,hyfI,+
Crp,hyfJ,+
Crp,hyfR,+
Crp,focB,+
Crp,guaB,+
Crp,guaA,+
Crp,guaB,+
Crp,guaA,+
Crp,guaB,-
Crp,guaA,-
Crp,xseA,-
Crp,xseA,+
Crp,csiE,+
Crp,rseC,+
Crp,rseB,+
Crp,rseA,+
Crp,rpoE,+
Crp,grcA,+
Crp,patZ,+
Crp,raiA,+
Crp,raiA,-
Crp,grpE,+
Crp,csiD,+
Crp,lhgO,+
Crp,gabD,+
Crp,gabT,+
Crp,gabP,+
Crp,srlA,+
Crp,srlE,+
Crp,srlB,+
Crp,srlD,+
Crp,gutM,+
Crp,srlR,+
Crp,gutQ,+
Crp,ascF,+
Crp,ascB,+
Crp,rpoS,+
Crp,rpoS,+
Crp,casA,-
Crp,casB,-
Crp,casC,-
Crp,casD,-
Crp,casE,-
Crp,cas1,-
Crp,cas2,-
Crp,mazF,+
Crp,mazE,+
Crp,relA,+
Crp,sdaC,-
Crp,sdaB,-
Crp,ygdG,+
Crp,ygdG,-
Crp,fucA,+
Crp,fucO,+
Crp,fucP,+
Crp,fucI,+
Crp,fucK,+
Crp,fucU,+
Crp,fucR,+
Crp,araE,+
Crp,ygeA,+
Crp,yqeF,-
Crp,gcvP,+
Crp,gcvH,+
Crp,gcvT,+
Crp,serA,+
Crp,serA,+
Crp,epd,+
Crp,pgk,+
Crp,epd,-
Crp,pgk,-
Crp,epd,+
Crp,pgk,+
Crp,fbaA,+
Crp,metK,-
Crp,galP,+
Crp,ansB,+
Crp,nupG,+
Crp,speC,-
Crp,glcD,-
Crp,glcE,-
Crp,glcF,-
Crp,glcG,-
Crp,glcB,-
Crp,glcA,-
Crp,glcD,+
Crp,glcE,+
Crp,glcF,+
Crp,glcG,+
Crp,glcB,+
Crp,glcA,+
Crp,glcC,+
Crp,glcC,-
Crp,ribB,-
Crp,glgS,+
Crp,rpsU,-
Crp,dnaG,+
Crp,dnaG,-
Crp,aer,+
Crp,ebgA,+
Crp,ebgC,+
Crp,fadH,+
Crp,ygjV,+
Crp,ygjV,-
Crp,uxaA,+
Crp,uxaA,-
Crp,uxaA,+
Crp,uxaC,+
Crp,uxaC,-
Crp,uxaC,+
Crp,exuT,+
Crp,tdcA,+
Crp,tdcB,+
Crp,tdcC,+
Crp,tdcD,+
Crp,tdcE,+
Crp,tdcF,+
Crp,tdcG,+
Crp,garK,+
Crp,garK,-
Crp,garR,+
Crp,garR,-
Crp,garL,-
Crp,garP,-
Crp,kbaZ,+
Crp,agaV,+
Crp,agaW,+
Crp,agaA,+
Crp,rpsO,-
Crp,truB,+
Crp,truB,-
Crp,rbfA,+
Crp,rbfA,-
Crp,rimP,+
Crp,nusA,+
Crp,infB,+
Crp,rimP,-
Crp,nusA,-
Crp,infB,-
Crp,metY,-
Crp,rimP,-
Crp,nusA,-
Crp,infB,-
Crp,rbfA,-
Crp,truB,-
Crp,rpsO,-
Crp,pnp,-
Crp,argG,+
Crp,argG,-
Crp,gltB,-
Crp,gltD,-
Crp,gltF,-
Crp,nanA,+
Crp,nanT,+
Crp,nanE,+
Crp,nanK,+
Crp,yhcH,+
Crp,rpsI,-
Crp,rplM,-
Crp,mdh,+
Crp,aaeB,+
Crp,aaeA,+
Crp,aaeX,+
Crp,aaeR,-
Crp,dusB,+
Crp,fis,+
Crp,yhfA,+
Crp,crp,+
Crp,crp,-
Crp,yhfK,-
Crp,pabA,+
Crp,pabA,-
Crp,fic,+
Crp,yhfG,+
Crp,yhfG,-
Crp,ppiA,+
Crp,ppiA,-
Crp,ppiA,-
Crp,tsgA,+
Crp,nirB,-
Crp,nirD,-
Crp,nirC,-
Crp,cysG,-
Crp,hofP,+
Crp,hofO,+
Crp,hofN,+
Crp,hofM,+
Crp,pck,+
Crp,pck,-
Crp,envZ,+
Crp,envZ,-
Crp,ompR,+
Crp,ompR,-
Crp,gntX,+
Crp,nfuA,+
Crp,gntT,+
Crp,malT,+
Crp,glpR,+
Crp,glpG,+
Crp,glpE,+
Crp,glpD,+
Crp,glgP,+
Crp,glgA,+
Crp,glgC,+
Crp,gntK,+
Crp,gntU,+
Crp,yhhW,+
Crp,yhhX,+
Crp,yhhX,-
Crp,ugpQ,+
Crp,ugpC,+
Crp,ugpE,+
Crp,ugpA,+
Crp,ugpB,+
Crp,rpoH,-
Crp,rpoH,+
Crp,gadE,-
Crp,gadF,-
Crp,mdtE,-
Crp,mdtF,-
Crp,gadA,-
Crp,gadX,-
Crp,dctA,+
Crp,eptB,-
Crp,cspA,-
Crp,xylB,+
Crp,xylA,+
Crp,xylF,+
Crp,xylG,+
Crp,xylH,+
Crp,xylR,+
Crp,malS,+
Crp,yiaJ,-
Crp,yiaK,+
Crp,yiaL,+
Crp,yiaM,+
Crp,yiaN,+
Crp,yiaO,+
Crp,lyxK,+
Crp,sgbH,+
Crp,sgbU,+
Crp,sgbE,+
Crp,aldB,+
Crp,yibH,+
Crp,yibH,-
Crp,yibI,+
Crp,yibI,-
Crp,mtlA,+
Crp,mtlD,+
Crp,mtlR,+
Crp,lldP,-
Crp,lldP,+
Crp,lldR,-
Crp,lldR,+
Crp,lldD,-
Crp,lldD,+
Crp,secB,+
Crp,gpsA,+
Crp,uhpT,+
Crp,uhpC,-
Crp,uhpC,+
Crp,uhpB,-
Crp,uhpB,+
Crp,uhpA,-
Crp,uhpA,+
Crp,ilvN,-
Crp,ilvN,+
Crp,ilvB,-
Crp,ilvB,+
Crp,ivbL,+
Crp,ivbL,-
Crp,ivbL,+
Crp,ilvB,+
Crp,ilvN,+
Crp,tnaC,+
Crp,tnaC,-
Crp,tnaA,+
Crp,tnaA,-
Crp,tnaB,+
Crp,bglG,+
Crp,bglF,+
Crp,bglB,+
Crp,rbsD,+
Crp,rbsD,-
Crp,rbsA,+
Crp,rbsA,-
Crp,rbsC,+
Crp,rbsC,-
Crp,rbsB,+
Crp,rbsB,-
Crp,rbsB,+
Crp,rbsK,+
Crp,rbsR,+
Crp,trxA,-
Crp,cyaA,-
Crp,ysgA,+
Crp,udp,+
Crp,udp,+
Crp,udp,-
Crp,rmuC,-
Crp,spf,-
Crp,glnG,+
Crp,glnG,-
Crp,glnL,+
Crp,glnL,-
Crp,glnA,+
Crp,glnA,-
Crp,fdoI,+
Crp,fdoI,-
Crp,fdoH,+
Crp,fdoH,-
Crp,fdoG,-
Crp,rhaD,+
Crp,rhaA,+
Crp,rhaB,+
Crp,rhaS,+
Crp,rhaR,+
Crp,rhaT,+
Crp,sodA,+
Crp,glpF,+
Crp,glpK,+
Crp,glpX,+
Crp,cytR,+
Crp,cytR,-
Crp,oxyR,+
Crp,hupA,+
Crp,zraS,+
Crp,zraR,+
Crp,aceB,-
Crp,aceA,-
Crp,aceK,-
Crp,psiE,-
Crp,malE,+
Crp,malF,+
Crp,malG,+
Crp,malE,-
Crp,malF,-
Crp,malG,-
Crp,malK,+
Crp,malK,-
Crp,lamB,+
Crp,lamB,-
Crp,malM,+
Crp,malM,-
Crp,acs,+
Crp,yjcH,+
Crp,actP,+
Crp,proP,-
Crp,proP,+
Crp,proP,+
Crp,melR,+
Crp,melR,-
Crp,melA,+
Crp,melB,+
Crp,dcuB,+
Crp,fumB,+
Crp,dcuR,+
Crp,aspA,+
Crp,dcuA,+
Crp,aspA,-
Crp,dcuA,-
Crp,hfq,-
Crp,hflX,-
Crp,hflK,-
Crp,hflC,-
Crp,ulaA,+
Crp,ulaB,+
Crp,ulaC,+
Crp,ulaD,+
Crp,ulaE,+
Crp,ulaF,+
Crp,rpsF,+
Crp,priB,+
Crp,rpsR,+
Crp,rplI,+
Crp,cpdB,+
Crp,cpdB,-
Crp,cysQ,+
Crp,mpl,+
Crp,treB,-
Crp,treC,-
Crp,idnD,+
Crp,idnO,+
Crp,idnT,+
Crp,idnR,+
Crp,idnK,+
Crp,fecA,+
Crp,fecB,+
Crp,fecC,+
Crp,fecD,+
Crp,fecE,+
Crp,yjhP,-
Crp,yjhP,+
Crp,yjhQ,+
Crp,yjhQ,-
Crp,nanS,+
Crp,nanM,+
Crp,nanC,+
Crp,gntP,+
Crp,uxuA,+
Crp,uxuB,+
Crp,uxuR,+
Crp,yjiY,+
Crp,osmY,-
Crp,osmY,+
Crp,yjjW,+
Crp,yjjW,-
Crp,yjjI,-
Crp,deoC,+
Crp,deoA,+
Crp,deoB,+
Crp,deoD,+
Crp,deoC,+
Crp,deoA,+
Crp,deoB,+
Crp,deoD,+
Crp,deoC,-
Crp,deoA,-
Crp,deoB,-
Crp,deoD,-
Crp,yaeP,-
Crp,mcaS,+
Crp,hokB,-
Crp,ryeA,-
Crp,cyaR,+
Crp,cyaR,-
Crp,ryhB,+
Crp,csrC,-
Crp,araH,+
Crp,yeiW,+
Crp,ybdD,-
Crp,ymjB,+
Crp,ymjB,-
Crp,yjhX,-
Crp,yjhX,+
Crp,ytjA,+
Crp,tisB,-
Crp,azuC,-
Crp,ykgR,+
OmpR,bolA,-
OmpR,nmpC,-
OmpR,ompF,+
OmpR,pgaD,-
OmpR,pgaC,-
OmpR,pgaB,-
OmpR,pgaA,-
OmpR,csgG,+
OmpR,csgF,+
OmpR,csgE,+
OmpR,csgD,+
OmpR,sra,-
OmpR,dtpA,+
OmpR,flhD,-
OmpR,flhC,-
OmpR,ompC,+
OmpR,fadL,-
OmpR,ecnB,-
OmpR,micF,+
OmpR,omrA,+
OmpR,omrB,+
MalT,malZ,+
MalT,malQ,+
MalT,malP,+
MalT,malS,+
MalT,malE,+
MalT,malF,+
MalT,malG,+
MalT,malK,+
MalT,lamB,+
MalT,malM,+
RtcR,rtcB,+
RtcR,rtcA,+
GlpR,glpQ,-
GlpR,glpT,-
GlpR,glpA,-
GlpR,glpB,-
GlpR,glpC,-
GlpR,glpD,-
GlpR,glpF,-
GlpR,glpK,-
GlpR,glpX,-
GntR,edd,-
GntR,eda,-
GntR,gntX,-
GntR,nfuA,-
GntR,gntT,-
GntR,gntK,-
GntR,gntU,-
GntR,idnD,-
GntR,idnO,-
GntR,idnT,-
GntR,idnR,-
GntR,idnK,-
NikR,nikA,-
NikR,nikB,-
NikR,nikC,-
NikR,nikD,-
NikR,nikE,-
NikR,nikR,-
ArsR,arsR,-
ArsR,arsB,-
ArsR,arsC,-
GadE,gadF,+
GadE,skp,+
GadE,lpxD,+
GadE,fabZ,+
GadE,lpxA,+
GadE,cyoE,+
GadE,cyoD,+
GadE,cyoC,+
GadE,cyoB,+
GadE,cyoA,+
GadE,lrp,+
GadE,gadB,+
GadE,gadC,+
GadE,gadB,+
GadE,gadC,+
GadE,fliC,+
GadE,rcsA,+
GadE,gnd,+
GadE,gltB,+
GadE,gltD,+
GadE,gltF,+
GadE,yhiM,+
GadE,hdeA,+
GadE,hdeB,+
GadE,yhiD,+
GadE,hdeA,+
GadE,hdeB,+
GadE,yhiD,+
GadE,hdeD,+
GadE,hdeD,+
GadE,gadE,+
GadE,gadE,+
GadE,gadF,+
GadE,mdtE,+
GadE,mdtF,+
GadE,gadX,+
GadE,gadW,+
GadE,gadA,+
GadE,yjbQ,+
GadE,yjbR,+
GadE,purA,+
GadE,yjjU,+
GadE;rcsB,yhiM,+
GadE;rcsB,slp,+
GadE;rcsB,dctR,+
GadE;rcsB,gadA,+
GadE;rcsB,gadX,+
GadE;rcsB,aslB,+
GadE;rcsB,adiC,+
GadE;rcsB,cadB,+
GadE;rcsB,cadA,+
GadW,gadB,-
GadW,gadC,-
GadW,gadB,+
GadW,gadC,+
GadW,slp,-
GadW,dctR,-
GadW,hdeA,-
GadW,hdeB,-
GadW,yhiD,-
GadW,hdeA,+
GadW,hdeB,+
GadW,yhiD,+
GadW,gadE,+
GadW,gadF,+
GadW,mdtE,+
GadW,mdtF,+
GadW,gadW,-
GadW,gadX,-
GadW,gadA,-
GadW,gadX,-
GadW,gadA,+
GadW,gadX,+
GadW,gadY,-
GadX,gadF,+
GadX,lon,+
GadX,glnK,+
GadX,amtB,+
GadX,ybaS,+
GadX,ybaT,+
GadX,asnB,+
GadX,hns,+
GadX,uspE,+
GadX,gadB,+
GadX,gadC,+
GadX,gadB,+
GadX,gadC,+
GadX,ydeN,-
GadX,ynfB,-
GadX,speG,-
GadX,asr,-
GadX,dtpA,-
GadX,rpoS,+
GadX,slp,+
GadX,dctR,+
GadX,slp,+
GadX,dctR,+
GadX,hdeA,-
GadX,hdeB,-
GadX,yhiD,-
GadX,hdeA,+
GadX,hdeB,+
GadX,yhiD,+
GadX,hdeD,+
GadX,gadE,+
GadX,gadE,+
GadX,gadF,+
GadX,mdtE,+
GadX,mdtF,+
GadX,gadW,-
GadX,gadW,-
GadX,gadX,+
GadX,gadW,+
GadX,gadA,+
GadX,gadX,+
GadX,btuB,-
GadX,murI,-
GadX,cadB,+
GadX,cadA,+
GadX,gadY,+
CspA,hns,+
CspA,gyrA,+
XylR,araC,-
XylR,xylB,+
XylR,xylA,+
XylR,xylF,+
XylR,xylG,+
XylR,xylH,+
XylR,xylR,+
YiaJ,yiaJ,-
YiaJ,yiaK,-
YiaJ,yiaL,-
YiaJ,yiaM,-
YiaJ,yiaN,-
YiaJ,yiaO,-
YiaJ,lyxK,-
YiaJ,sgbH,-
YiaJ,sgbU,-
YiaJ,sgbE,-
MtlR,mtlA,-
MtlR,mtlD,-
MtlR,mtlR,-
LldR,lldP,+
LldR,lldR,+
LldR,lldD,+
UhpA,uhpT,+
DnaA,aldA,-
DnaA,nrdA,+
DnaA,nrdB,+
DnaA,yfaE,+
DnaA,guaB,-
DnaA,guaA,-
DnaA,rpoH,-
DnaA,recF,-
DnaA,recF,+
DnaA,recF,-
DnaA,dnaN,-
DnaA,dnaN,+
DnaA,dnaN,-
DnaA,dnaA,-
DnaA,dnaA,+
DnaA,dnaA,-
DnaA,polA,+
DnaA,yjeV,-
AsnC,asnC,-
AsnC,mioC,-
AsnC,mnmG,-
AsnC,asnA,+
RbsR,add,+
RbsR,rbsD,-
RbsR,rbsA,-
RbsR,rbsC,-
RbsR,rbsB,-
RbsR,rbsK,-
RbsR,rbsR,-
RbsR,purD,-
RbsR,purH,-
IlvY,ilvY,-
IlvY,ilvC,+
MetR,glyA,+
MetR,hmp,+
MetR,metR,-
MetR,metE,+
MetR,metH,+
NtrC,glnK,+
NtrC,amtB,+
NtrC,glnQ,+
NtrC,glnP,+
NtrC,glnH,+
NtrC,potF,+
NtrC,potG,+
NtrC,potH,+
NtrC,potI,+
NtrC,rutG,+
NtrC,rutF,+
NtrC,rutE,+
NtrC,rutD,+
NtrC,rutC,+
NtrC,rutB,+
NtrC,rutA,+
NtrC,ddpF,+
NtrC,ddpD,+
NtrC,ddpC,+
NtrC,ddpB,+
NtrC,ddpA,+
NtrC,ddpX,+
NtrC,astE,+
NtrC,astB,+
NtrC,astD,+
NtrC,astA,+
NtrC,astC,+
NtrC,yeaG,+
NtrC,yeaH,+
NtrC,cbl,+
NtrC,nac,+
NtrC,hisP,+
NtrC,hisM,+
NtrC,hisQ,+
NtrC,hisJ,+
NtrC,argT,+
NtrC,rseC,+
NtrC,rseB,+
NtrC,rseA,+
NtrC,rpoE,+
NtrC,relA,+
NtrC,patA,+
NtrC,yhdW,+
NtrC,yhdX,+
NtrC,yhdY,+
NtrC,yhdZ,+
NtrC,glnG,+
NtrC,glnG,-
NtrC,glnG,-
NtrC,glnL,+
NtrC,glnL,-
NtrC,glnL,-
NtrC,glnA,+
NtrC,glnA,-
RhaS,rhaD,+
RhaS,rhaA,+
RhaS,rhaB,+
RhaS,rhaS,+
RhaS,rhaR,+
RhaS,rhaT,+
RhaR,rhaS,+
RhaR,rhaR,+
CpxR,degP,+
CpxR,skp,+
CpxR,lpxD,+
CpxR,fabZ,+
CpxR,lpxA,+
CpxR,sbmA,+
CpxR,yaiW,+
CpxR,ppiD,+
CpxR,hha,+
CpxR,tomB,+
CpxR,aroG,+
CpxR,ldtD,+
CpxR,ompF,-
CpxR,yccA,+
CpxR,efeU_1,-
CpxR,efeU_2,-
CpxR,csgG,-
CpxR,csgF,-
CpxR,csgE,-
CpxR,csgD,-
CpxR,csgB,-
CpxR,csgA,-
CpxR,csgC,-
CpxR,ldtC,+
CpxR,marR,+
CpxR,marA,+
CpxR,marB,+
CpxR,dgcZ,+
CpxR,spy,+
CpxR,yebE,+
CpxR,cheW,-
CpxR,cheA,-
CpxR,motB,-
CpxR,motA,-
CpxR,ftnB,+
CpxR,mdtA,+
CpxR,mdtB,+
CpxR,mdtC,+
CpxR,mdtD,+
CpxR,baeS,+
CpxR,baeR,+
CpxR,ompC,+
CpxR,acrD,+
CpxR,rseC,-
CpxR,rseB,-
CpxR,rseA,-
CpxR,rpoE,-
CpxR,ung,-
CpxR,bamE,-
CpxR,yqaE,+
CpxR,kbp,+
CpxR,dsbC,+
CpxR,bacA,+
CpxR,yqjA,+
CpxR,mzrA,+
CpxR,ppiA,+
CpxR,rpoH,+
CpxR,yidQ,+
CpxR,rdoA,+
CpxR,dsbA,+
CpxR,cpxA,+
CpxR,cpxR,+
CpxR,mscM,-
CpxR,psd,-
CpxR,tsr,-
CpxR,slt,+
CpxR,rprA,+
CpxR,cyaR,-
CpxR,cpxP,+
CpxR,cpxQ,+
CytR,tsx,-
CytR,ycdZ,-
CytR,cdd,-
CytR,nupC,-
CytR,nupG,-
CytR,ppiA,-
CytR,rpoH,-
CytR,udp,-
CytR,cytR,-
CytR,deoC,-
CytR,deoA,-
CytR,deoB,-
CytR,deoD,-
MetJ,metQ,-
MetJ,metI,-
MetJ,metN,-
MetJ,ahpC,-
MetJ,ahpF,-
MetJ,yeiB,-
MetJ,folE,-
MetJ,metK,-
MetJ,metC,-
MetJ,metR,-
MetJ,metE,-
MetJ,metB,-
MetJ,metL,-
MetJ,metF,-
MetJ,metA,-
OxyR,guaC,-
OxyR,hemH,+
OxyR,dsbG,+
OxyR,ahpC,+
OxyR,ahpC,+
OxyR,ahpF,+
OxyR,ahpF,+
OxyR,fur,+
OxyR,dps,+
OxyR,dps,+
OxyR,ybjM,-
OxyR,grxA,+
OxyR,grxA,+
OxyR,ybjC,-
OxyR,ybjC,-
OxyR,nfsA,-
OxyR,rimK,-
OxyR,ybjN,-
OxyR,nfsA,-
OxyR,hcp,+
OxyR,hcr,+
OxyR,ychF,-
OxyR,sufE,+
OxyR,sufE,+
OxyR,sufS,+
OxyR,sufS,+
OxyR,sufD,+
OxyR,sufD,+
OxyR,sufC,+
OxyR,sufC,+
OxyR,sufB,+
OxyR,sufB,+
OxyR,sufA,+
OxyR,sufA,+
OxyR,mepM,+
OxyR,znuA,+
OxyR,znuC,+
OxyR,znuB,+
OxyR,zinT,+
OxyR,flu,-
OxyR,flu,-
OxyR,mntH,+
OxyR,mntH,+
OxyR,trxC,+
OxyR,trxC,+
OxyR,gor,+
OxyR,yhjA,+
OxyR,metR,+
OxyR,metE,+
OxyR,katG,+
OxyR,katG,+
OxyR,oxyR,-
OxyR,gntP,-
OxyR,uxuA,-
OxyR,uxuB,-
OxyR,fhuF,-
OxyR,isrC,-
OxyR,oxyS,+
OxyR,yjjZ,+
OxyR,uof,+
FabR,fabA,-
FabR,fabB,-
BirA,bioA,-
BirA,bioB,-
BirA,bioF,-
BirA,bioC,-
BirA,bioD,-
HupA;hupB,seqA,-
HupA;hupB,pgm,-
HupA;hupB,galE,-
HupA;hupB,galT,-
HupA;hupB,galK,-
HupA;hupB,galM,-
HupA;hupB,tyrP,-
HupA;hupB,mtr,-
HupA;hupB,micF,+
ZraR,zraP,+
ZraR,zraS,+
ZraR,zraR,+
IclR,aceB,-
IclR,aceA,-
IclR,aceK,-
IclR,iclR,-
LexA,polB,-
LexA,ftsL,-
LexA,ftsI,-
LexA,murE,-
LexA,murF,-
LexA,mraY,-
LexA,murD,-
LexA,ftsW,-
LexA,murG,-
LexA,murC,-
LexA,ddlB,-
LexA,ftsQ,-
LexA,ftsA,-
LexA,ftsZ,-
LexA,lpxC,-
LexA,yafQ,-
LexA,dinJ,-
LexA,dinB,-
LexA,yafN,-
LexA,yafO,-
LexA,yafP,-
LexA,yafN,-
LexA,yafO,-
LexA,yafP,-
LexA,ybfE,-
LexA,phr,-
LexA,uvrB,-
LexA,dinG,-
LexA,ftsK,-
LexA,sulA,-
LexA,dinI,-
LexA,umuD,-
LexA,umuC,-
LexA,ydjM,-
LexA,cho,-
LexA,yebG,-
LexA,ruvB,-
LexA,ruvA,-
LexA,uvrC,-
LexA,uvrC,-
LexA,uvrY,-
LexA,sbmC,-
LexA,molR_1,-
LexA,recN,-
LexA,recA,-
LexA,recX,-
LexA,recD,-
LexA,recB,-
LexA,ptrA,-
LexA,rpsU,-
LexA,dnaG,-
LexA,rpoD,-
LexA,insK,-
LexA,dinD,-
LexA,uvrD,-
LexA,lexA,-
LexA,dinF,-
LexA,uvrA,-
LexA,ssb,-
LexA,symE,-
LexA,hokE,-
LexA,dinQ,-
LexA,tisB,-
Zur,ykgM,-
Zur,ykgO,-
Zur,znuA,-
Zur,znuC,-
Zur,znuB,-
Zur,zinT,-
SoxS,lpxC,+
SoxS,ybaO,+
SoxS,mdlA,+
SoxS,mdlB,+
SoxS,acrA,+
SoxS,acrB,+
SoxS,nfsB,+
SoxS,fur,+
SoxS,fldA,+
SoxS,fldA,+
SoxS,uof,+
SoxS,fur,+
SoxS,acrZ,+
SoxS,ybjC,+
SoxS,ybjC,+
SoxS,nfsA,+
SoxS,rimK,+
SoxS,ybjN,+
SoxS,nfsA,+
SoxS,poxB,+
SoxS,pqiA,+
SoxS,pqiB,+
SoxS,ptsG,+
SoxS,acnA,+
SoxS,acnA,+
SoxS,ribA,+
SoxS,ribA,+
SoxS,ompN,+
SoxS,ydbK,+
SoxS,ydbK,+
SoxS,nhoA,+
SoxS,marR,+
SoxS,marA,+
SoxS,marB,+
SoxS,fumC,+
SoxS,fumC,+
SoxS,zwf,+
SoxS,zwf,+
SoxS,zinT,+
SoxS,nfo,+
SoxS,nfo,+
SoxS,inaA,+
SoxS,fldB,+
SoxS,tolC,+
SoxS,ygiA,+
SoxS,ygiB,+
SoxS,ygiC,+
SoxS,yrbL,+
SoxS,waaY,+
SoxS,waaZ,+
SoxS,nepI,+
SoxS,sodA,+
SoxS,sodA,+
SoxS,fpr,+
SoxS,fpr,+
SoxS,pgi,+
SoxS,soxS,-
SoxS,rob,-
SoxS,rob,-
SoxS,micF,+
SoxS,uof,+
SoxR,lpxC,+
SoxR,fumC,+
SoxR,tyrA,+
SoxR,aroF,+
SoxR,yrbL,+
SoxR,sodA,+
SoxR,yjcB,+
SoxR,soxS,+
SoxR,soxS,+
SoxR,soxR,-
SoxR,mgtA,+
AlsR,rpiR,-
AlsR,alsB,-
AlsR,alsA,-
AlsR,alsC,-
AlsR,alsE,-
AlsR,rpiB,-
BasR,hha,+
BasR,tomB,+
BasR,putA,-
BasR,csgG,+
BasR,csgF,+
BasR,csgE,+
BasR,csgD,+
BasR,cspI,+
BasR,qseB,+
BasR,qseC,+
BasR,yrbL,-
BasR,dgkA,+
BasR,fimB,+
AdiY,gadB,+
AdiY,gadC,+
AdiY,gltB,+
AdiY,gltD,+
AdiY,gltF,+
AdiY,gadA,+
AdiY,gadX,+
AdiY,adiA,+
MelR,melR,+
MelR,melA,+
MelR,melB,+
DcuR,dpiB,+
DcuR,dpiA,+
DcuR,dctA,+
DcuR,dcuB,+
DcuR,fumB,+
DcuR,frdD,+
DcuR,frdC,+
DcuR,frdB,+
DcuR,frdA,+
CadC,cadB,+
CadC,cadA,+
CadC,cadC,+
NsrR,aceE,-
NsrR,aceF,-
NsrR,dkgB,-
NsrR,mhpT,-
NsrR,hcp,-
NsrR,hcr,-
NsrR,lrp,-
NsrR,ndh,-
NsrR,feaR,-
NsrR,feaB,-
NsrR,ydbD,-
NsrR,tehA,-
NsrR,tehB,-
NsrR,grxD,-
NsrR,mepH,-
NsrR,sodB,-
NsrR,sufE,-
NsrR,sufS,-
NsrR,sufD,-
NsrR,sufC,-
NsrR,sufB,-
NsrR,sufA,-
NsrR,ihfA,-
NsrR,pheT,-
NsrR,pheS,-
NsrR,pheM,-
NsrR,rplT,-
NsrR,rpmI,-
NsrR,infC,-
NsrR,thrS,-
NsrR,yeaE,-
NsrR,yoaG,-
NsrR,yeaR,-
NsrR,fliA,-
NsrR,fliZ,-
NsrR,tcyJ,-
NsrR,fliA,-
NsrR,fliZ,-
NsrR,tcyJ,-
NsrR,cdd,-
NsrR,dsdC,-
NsrR,hmp,-
NsrR,tadA,-
NsrR,pgpC,-
NsrR,bamE,-
NsrR,norR,-
NsrR,hycI,-
NsrR,hycH,-
NsrR,hycG,-
NsrR,hycF,-
NsrR,hycE,-
NsrR,hycD,-
NsrR,hycC,-
NsrR,hycB,-
NsrR,hycA,-
NsrR,hypA,-
NsrR,hypB,-
NsrR,hypC,-
NsrR,hypD,-
NsrR,hypE,-
NsrR,fhlA,-
NsrR,ygbA,-
NsrR,tsgA,-
NsrR,waaH,-
NsrR,rfe,-
NsrR,wzzE,-
NsrR,wecB,-
NsrR,wecC,-
NsrR,rffG,-
NsrR,rffH,-
NsrR,rffC,-
NsrR,wecE,-
NsrR,wzxE,-
NsrR,wzyE,-
NsrR,rffM,-
NsrR,nrfA,-
NsrR,nrfB,-
NsrR,nrfC,-
NsrR,nrfD,-
NsrR,nrfE,-
NsrR,nrfF,-
NsrR,nrfG,-
NsrR,ytfE,-
NsrR,bdcA,-
NsrR,rybB,-
NsrR,rffT,-
AidB,aidB,-
UlaR,ulaG,-
UlaR,ulaA,-
UlaR,ulaB,-
UlaR,ulaC,-
UlaR,ulaD,-
UlaR,ulaE,-
UlaR,ulaF,-
TreR,treB,-
TreR,treC,-
PepA,carA,-
PepA,carB,-
PepA,pepA,-
IdnR,gntK,-
IdnR,gntU,-
IdnR,idnD,+
IdnR,idnO,+
IdnR,idnT,+
IdnR,idnR,+
IdnR,idnK,+
UxuR,uidC,-
UxuR,uidB,-
UxuR,uidA,-
UxuR,exuR,-
UxuR,gntP,-
UxuR,uxuA,-
UxuR,uxuB,-
UxuR,uxuR,-
UxuR,lgoR,-
HypT,metQ,+
HypT,metI,+
HypT,metN,+
HypT,cydA,+
HypT,cydB,+
HypT,cysH,+
HypT,metB,+
HypT,metL,+
HypT,fecA,-
HypT,fecB,-
HypT,fecC,-
HypT,fecD,-
HypT,fecE,-
YjjQ,ybhL,-
YjjQ,gfcA,-
YjjQ,flhD,-
YjjQ,flhC,-
YjjQ,ompC,-
YjjQ,yfiR,-
YjjQ,dgcN,-
YjjQ,yfiB,-
YjjQ,ymiA,-
YjjQ,yciX,-
NadR,nadA,-
NadR,pnuC,-
NadR,pncB,-
NadR,nadB,-
TrpR,fhuC,+
TrpR,fhuC,-
TrpR,fhuD,+
TrpR,fhuD,-
TrpR,fhuB,+
TrpR,fhuB,-
TrpR,aroL,-
TrpR,yaiA,-
TrpR,aroM,-
TrpR,aroL,-
TrpR,yaiA,-
TrpR,aroM,-
TrpR,trpL,-
TrpR,trpE,-
TrpR,trpD,-
TrpR,trpC,-
TrpR,trpB,-
TrpR,trpA,-
TrpR,trpL,-
TrpR,trpE,-
TrpR,trpD,-
TrpR,trpC,-
TrpR,trpB,-
TrpR,trpA,-
TrpR,aroH,-
TrpR,aroH,-
TrpR,ftnB,+
TrpR,ftnB,-
TrpR,mtr,-
TrpR,mtr,-
TrpR,mdtL,+
TrpR,mdtL,-
TrpR,trpR,-
TrpR,trpR,-
Rob,acrA,+
Rob,acrB,+
Rob,nfsB,+
Rob,acrZ,+
Rob,ldtB,+
Rob,ybjC,+
Rob,nfsA,+
Rob,rimK,+
Rob,ybjN,+
Rob,acnA,+
Rob,marR,+
Rob,marA,+
Rob,marB,+
Rob,fumC,+
Rob,zwf,+
Rob,nfo,+
Rob,inaA,+
Rob,mltF,+
Rob,tolC,+
Rob,ygiA,+
Rob,ygiB,+
Rob,ygiC,+
Rob,aslB,+
Rob,sodA,+
Rob,rob,-
Rob,micF,+
CreB,talA,+
CreB,malE,-
CreB,malF,-
CreB,malG,-
CreB,creD,+
ArcA,gadF,+
ArcA,sroD,-
ArcA,thrA,-
ArcA,thrB,-
ArcA,thrC,-
ArcA,thrL,-
ArcA,rpsT,+
ArcA,ribF,+
ArcA,ileS,+
ArcA,lspA,+
ArcA,fkpB,+
ArcA,ispH,+
ArcA,carA,+
ArcA,carB,+
ArcA,caiE,+
ArcA,caiE,+
ArcA,caiE,-
ArcA,caiD,+
ArcA,caiD,+
ArcA,caiD,-
ArcA,caiC,+
ArcA,caiC,+
ArcA,caiC,-
ArcA,caiB,+
ArcA,caiB,+
ArcA,caiB,-
ArcA,caiA,+
ArcA,caiA,+
ArcA,caiA,-
ArcA,caiT,+
ArcA,caiT,+
ArcA,caiT,-
ArcA,leuD,+
ArcA,leuC,+
ArcA,leuB,+
ArcA,leuA,+
ArcA,leuL,+
ArcA,aceE,-
ArcA,aceF,-
ArcA,lpd,-
ArcA,lpd,-
ArcA,yacH,+
ArcA,yacH,-
ArcA,acnB,-
ArcA,acnB,-
ArcA,fadE,-
ArcA,fadE,-
ArcA,lpcA,+
ArcA,lpcA,-
ArcA,betA,-
ArcA,betA,-
ArcA,betB,-
ArcA,betB,-
ArcA,betI,-
ArcA,betI,-
ArcA,betT,-
ArcA,lacI,-
ArcA,mhpR,-
ArcA,mhpA,-
ArcA,mhpB,-
ArcA,mhpC,-
ArcA,mhpD,-
ArcA,mhpF,-
ArcA,mhpE,-
ArcA,cyoE,-
ArcA,cyoE,-
ArcA,cyoD,-
ArcA,cyoD,-
ArcA,cyoC,-
ArcA,cyoC,-
ArcA,cyoB,-
ArcA,cyoB,-
ArcA,cyoA,-
ArcA,cyoA,-
ArcA,ybdN,+
ArcA,citG,-
ArcA,citX,-
ArcA,citF,-
ArcA,citE,-
ArcA,citD,-
ArcA,citC,-
ArcA,dpiB,+
ArcA,dpiA,+
ArcA,dcuC,+
ArcA,kdpA,-
ArcA,kdpB,-
ArcA,kdpC,-
ArcA,kdpF,-
ArcA,kdpA,+
ArcA,kdpB,+
ArcA,kdpC,+
ArcA,kdpF,+
ArcA,ybfA,+
ArcA,gltA,-
ArcA,gltA,-
ArcA,sdhC,+
ArcA,sdhD,+
ArcA,sdhA,+
ArcA,sdhB,+
ArcA,sucA,+
ArcA,sucB,+
ArcA,sucC,+
ArcA,sucD,+
ArcA,sdhA,-
ArcA,sdhB,-
ArcA,sdhC,-
ArcA,sdhD,-
ArcA,sucA,-
ArcA,sucB,-
ArcA,sucC,-
ArcA,sucD,-
ArcA,sucA,-
ArcA,sucB,-
ArcA,sucC,-
ArcA,sucD,-
ArcA,cydA,+
ArcA,cydA,+
ArcA,cydA,+
ArcA,cydA,+
ArcA,cydA,-
ArcA,cydB,+
ArcA,cydB,+
ArcA,cydB,+
ArcA,cydB,+
ArcA,cydB,-
ArcA,ybhK,+
ArcA,moaA,-
ArcA,moaB,-
ArcA,moaC,-
ArcA,moaD,-
ArcA,moaE,-
ArcA,fiu,-
ArcA,mcbA,-
ArcA,ybiU,+
ArcA,ybiU,-
ArcA,ybiW,+
ArcA,ybiW,-
ArcA,ybiY,+
ArcA,ybiY,-
ArcA,fsaA,+
ArcA,moeB,+
ArcA,moeA,+
ArcA,iaaA,+
ArcA,gsiA,+
ArcA,gsiB,+
ArcA,gsiC,+
ArcA,gsiD,+
ArcA,rimO,+
ArcA,bssR,-
ArcA,potF,-
ArcA,potG,-
ArcA,potH,-
ArcA,potI,-
ArcA,ybjX,+
ArcA,macA,-
ArcA,macB,-
ArcA,clpS,-
ArcA,clpA,-
ArcA,serW,+
ArcA,infA,+
ArcA,cydC,+
ArcA,cydD,+
ArcA,cydD,+
ArcA,cydC,+
ArcA,focA,+
ArcA,pflB,+
ArcA,focA,+
ArcA,pflB,+
ArcA,focA,-
ArcA,pflB,-
ArcA,pncB,+
ArcA,pncB,-
ArcA,pepN,-
ArcA,rmf,+
ArcA,rmf,-
ArcA,yccA,+
ArcA,yccA,-
ArcA,serT,+
ArcA,serT,-
ArcA,hyaA,+
ArcA,hyaB,+
ArcA,hyaC,+
ArcA,hyaD,+
ArcA,hyaE,+
ArcA,hyaF,+
ArcA,appC,+
ArcA,appB,+
ArcA,appX,+
ArcA,appA,+
ArcA,rutG,+
ArcA,rutG,+
ArcA,rutG,-
ArcA,rutF,+
ArcA,rutF,+
ArcA,rutF,-
ArcA,rutE,+
ArcA,rutE,+
ArcA,rutE,-
ArcA,rutD,+
ArcA,rutD,+
ArcA,rutD,-
ArcA,rutC,+
ArcA,rutC,+
ArcA,rutC,-
ArcA,rutB,+
ArcA,rutB,+
ArcA,rutB,-
ArcA,rutA,+
ArcA,rutA,+
ArcA,rutA,-
ArcA,rutR,+
ArcA,rutR,-
ArcA,putA,-
ArcA,putP,-
ArcA,putP,+
ArcA,phoH,-
ArcA,phoH,+
ArcA,yceI,+
ArcA,yceI,-
ArcA,yceJ,+
ArcA,yceJ,-
ArcA,yceD,+
ArcA,rpmF,+
ArcA,plsX,+
ArcA,fabH,+
ArcA,fabD,+
ArcA,fabG,+
ArcA,acpP,+
ArcA,fabF,+
ArcA,ptsG,-
ArcA,ptsG,+
ArcA,ndh,-
ArcA,ndh,+
ArcA,ndh,-
ArcA,nudJ,+
ArcA,nudJ,-
ArcA,rluE,+
ArcA,rluE,-
ArcA,icd,-
ArcA,icd,-
ArcA,iraM,+
ArcA,dsbB,+
ArcA,dhaM,+
ArcA,dhaM,-
ArcA,dhaL,+
ArcA,dhaL,-
ArcA,dhaK,+
ArcA,dhaK,-
ArcA,dhaR,+
ArcA,dhaR,-
ArcA,hemA,+
ArcA,prfA,+
ArcA,prmC,+
ArcA,oppA,-
ArcA,oppA,+
ArcA,oppB,-
ArcA,oppB,+
ArcA,oppC,-
ArcA,oppC,+
ArcA,oppD,-
ArcA,oppD,+
ArcA,oppF,-
ArcA,oppF,+
ArcA,ompW,-
ArcA,acnA,-
ArcA,puuA,-
ArcA,puuA,+
ArcA,puuA,-
ArcA,puuP,-
ArcA,puuD,-
ArcA,puuD,-
ArcA,puuR,-
ArcA,puuC,-
ArcA,puuB,-
ArcA,puuE,-
ArcA,puuR,-
ArcA,tpx,-
ArcA,tpx,-
ArcA,ycjG,+
ArcA,ycjG,-
ArcA,ynaJ,-
ArcA,fnr,-
ArcA,feaR,+
ArcA,feaR,-
ArcA,feaB,+
ArcA,feaB,-
ArcA,maoC,+
ArcA,maoC,-
ArcA,paaA,+
ArcA,paaB,+
ArcA,paaC,+
ArcA,paaD,+
ArcA,paaE,+
ArcA,paaF,+
ArcA,paaG,+
ArcA,paaH,+
ArcA,paaI,+
ArcA,paaJ,+
ArcA,paaK,+
ArcA,paaA,-
ArcA,paaB,-
ArcA,paaC,-
ArcA,paaD,-
ArcA,paaE,-
ArcA,paaF,-
ArcA,paaG,-
ArcA,paaH,-
ArcA,paaI,-
ArcA,paaJ,-
ArcA,paaK,-
ArcA,aldA,-
ArcA,aldA,-
ArcA,yncD,+
ArcA,yncD,-
ArcA,yncE,+
ArcA,yncE,-
ArcA,ddpF,+
ArcA,ddpF,-
ArcA,ddpD,+
ArcA,ddpD,-
ArcA,ddpC,+
ArcA,ddpC,-
ArcA,ddpB,+
ArcA,ddpB,-
ArcA,ddpA,+
ArcA,ddpA,-
ArcA,ddpX,+
ArcA,ddpX,-
ArcA,uxaB,+
ArcA,uxaB,-
ArcA,ydeA,-
ArcA,pntB,+
ArcA,pntA,+
ArcA,ydgC,+
ArcA,ydgC,-
ArcA,rstA,+
ArcA,rstA,-
ArcA,rstB,+
ArcA,rstB,-
ArcA,fumC,-
ArcA,fumC,+
ArcA,fumC,-
ArcA,fumA,-
ArcA,fumA,-
ArcA,manA,+
ArcA,manA,-
ArcA,astE,-
ArcA,astB,-
ArcA,astD,-
ArcA,astA,-
ArcA,astC,-
ArcA,xthA,-
ArcA,msrB,-
ArcA,gapA,-
ArcA,yeaD,-
ArcA,fadD,-
ArcA,fadD,-
ArcA,flhC,+
ArcA,flhD,+
ArcA,insB-5,+
ArcA,insB-5,-
ArcA,insA-5,+
ArcA,insA-5,-
ArcA,uspC,+
ArcA,uspC,-
ArcA,yecR,+
ArcA,yecR,-
ArcA,gatD,-
ArcA,gatC,-
ArcA,gatB,-
ArcA,gatA,-
ArcA,gatZ,-
ArcA,gatY,-
ArcA,mglA,-
ArcA,mglB,-
ArcA,mglC,-
ArcA,yeiB,-
ArcA,folE,-
ArcA,yeiG,+
ArcA,yeiG,-
ArcA,cirA,-
ArcA,yeiQ,+
ArcA,yeiQ,-
ArcA,yejG,-
ArcA,rplY,+
ArcA,proL,+
ArcA,proL,-
ArcA,mqo,-
ArcA,ompC,+
ArcA,rcsD,+
ArcA,rcsB,+
ArcA,glpA,-
ArcA,glpB,-
ArcA,glpC,-
ArcA,yfbM,+
ArcA,yfbM,-
ArcA,nuoN,-
ArcA,nuoN,-
ArcA,nuoM,-
ArcA,nuoM,-
ArcA,nuoL,-
ArcA,nuoL,-
ArcA,nuoK,-
ArcA,nuoK,-
ArcA,nuoJ,-
ArcA,nuoJ,-
ArcA,nuoI,-
ArcA,nuoI,-
ArcA,nuoH,-
ArcA,nuoH,-
ArcA,nuoG,-
ArcA,nuoG,-
ArcA,nuoF,-
ArcA,nuoF,-
ArcA,nuoE,-
ArcA,nuoE,-
ArcA,nuoC,-
ArcA,nuoC,-
ArcA,nuoB,-
ArcA,nuoB,-
ArcA,nuoA,-
ArcA,nuoA,-
ArcA,ackA,+
ArcA,hisP,-
ArcA,hisM,-
ArcA,hisQ,-
ArcA,hisJ,-
ArcA,argT,-
ArcA,fadJ,-
ArcA,fadJ,-
ArcA,fadI,-
ArcA,fadI,-
ArcA,yfcZ,-
ArcA,fadL,-
ArcA,yfdZ,+
ArcA,yfdZ,-
ArcA,ypdA,+
ArcA,ypdA,-
ArcA,ypdB,+
ArcA,ypdB,-
ArcA,ypdC,+
ArcA,ypdC,-
ArcA,mntH,-
ArcA,nupC,+
ArcA,yffQ,+
ArcA,yffQ,-
ArcA,yffR,+
ArcA,yffR,-
ArcA,guaA,+
ArcA,guaB,+
ArcA,guaA,-
ArcA,guaB,-
ArcA,xseA,+
ArcA,ndk,-
ArcA,trmJ,+
ArcA,trmJ,-
ArcA,suhB,+
ArcA,suhB,-
ArcA,hcaR,+
ArcA,hcaR,-
ArcA,hcaE,+
ArcA,hcaE,-
ArcA,hcaF,+
ArcA,hcaF,-
ArcA,hcaC,+
ArcA,hcaC,-
ArcA,hcaB,+
ArcA,hcaB,-
ArcA,hcaD,+
ArcA,hcaD,-
ArcA,grcA,+
ArcA,yfiF,+
ArcA,kgtP,-
ArcA,ssrA,+
ArcA,ssrA,-
ArcA,csiD,-
ArcA,gabD,-
ArcA,gabP,-
ArcA,gabT,-
ArcA,lhgO,-
ArcA,rpoS,-
ArcA,yqcA,-
ArcA,truC,-
ArcA,yqcC,-
ArcA,gcvA,+
ArcA,gcvA,-
ArcA,glcA,-
ArcA,glcB,-
ArcA,glcD,-
ArcA,glcE,-
ArcA,glcF,-
ArcA,glcG,-
ArcA,glcD,-
ArcA,glcE,-
ArcA,glcF,-
ArcA,glcG,-
ArcA,glcB,-
ArcA,glcA,-
ArcA,glcC,-
ArcA,hybG,+
ArcA,hybF,+
ArcA,hybE,+
ArcA,hybD,+
ArcA,hybC,+
ArcA,hybB,+
ArcA,hybA,+
ArcA,hybO,+
ArcA,hybO,-
ArcA,hybA,-
ArcA,hybB,-
ArcA,hybC,-
ArcA,hybD,-
ArcA,hybE,-
ArcA,hybF,-
ArcA,hybG,-
ArcA,yghW,+
ArcA,ygjD,+
ArcA,ygjD,-
ArcA,dnaG,+
ArcA,rpoD,+
ArcA,rpsU,+
ArcA,aer,-
ArcA,ygjG,-
ArcA,ygjG,+
ArcA,fadH,-
ArcA,fadH,+
ArcA,fadH,-
ArcA,sstT,+
ArcA,uxaA,+
ArcA,uxaA,-
ArcA,uxaC,+
ArcA,uxaC,-
ArcA,exuT,+
ArcA,exuT,-
ArcA,nlpI,+
ArcA,pnp,+
ArcA,pnp,-
ArcA,rpsO,+
ArcA,rpsO,-
ArcA,infB,+
ArcA,metY,+
ArcA,nusA,+
ArcA,rbfA,+
ArcA,rimP,+
ArcA,truB,+
ArcA,argG,+
ArcA,argG,-
ArcA,leuU,+
ArcA,secG,+
ArcA,rpmA,+
ArcA,rplU,+
ArcA,yhcC,+
ArcA,yhcC,-
ArcA,gltB,+
ArcA,gltD,+
ArcA,gltF,+
ArcA,gltB,-
ArcA,gltD,-
ArcA,gltF,-
ArcA,mdh,-
ArcA,mdh,-
ArcA,argR,+
ArcA,rpsQ,-
ArcA,rpmC,-
ArcA,rplP,-
ArcA,rpsC,-
ArcA,rplV,-
ArcA,rpsS,-
ArcA,rplB,-
ArcA,rplW,-
ArcA,rplD,-
ArcA,rplC,-
ArcA,rpsJ,-
ArcA,nudE,-
ArcA,yrfF,+
ArcA,yhgE,+
ArcA,pck,+
ArcA,pck,-
ArcA,feoA,+
ArcA,feoB,+
ArcA,feoC,+
ArcA,feoA,-
ArcA,feoB,-
ArcA,feoC,-
ArcA,glpR,-
ArcA,glpR,+
ArcA,glpG,-
ArcA,glpG,+
ArcA,glpE,-
ArcA,glpE,+
ArcA,glpD,-
ArcA,glpD,-
ArcA,ugpQ,-
ArcA,ugpC,-
ArcA,ugpE,-
ArcA,ugpA,-
ArcA,ugpB,-
ArcA,yhhJ,+
ArcA,rbbA,+
ArcA,yhiI,+
ArcA,gadE,+
ArcA,gadW,+
ArcA,gadX,+
ArcA,gadA,+
ArcA,gadX,+
ArcA,yhjE,-
ArcA,dctA,-
ArcA,dppA,+
ArcA,dppB,+
ArcA,dppC,+
ArcA,dppD,+
ArcA,dppF,+
ArcA,dppA,-
ArcA,dppB,-
ArcA,dppC,-
ArcA,dppD,-
ArcA,dppF,-
ArcA,yhjX,+
ArcA,yhjX,-
ArcA,yiaG,-
ArcA,cspA,-
ArcA,xylR,+
ArcA,avtA,+
ArcA,avtA,-
ArcA,lldP,-
ArcA,lldP,+
ArcA,lldP,-
ArcA,lldR,-
ArcA,lldR,+
ArcA,lldR,-
ArcA,lldD,-
ArcA,lldD,+
ArcA,lldD,-
ArcA,mutM,+
ArcA,rpmB,+
ArcA,rpmG,+
ArcA,nepI,+
ArcA,nepI,-
ArcA,recF,+
ArcA,recF,-
ArcA,dnaN,+
ArcA,dnaN,-
ArcA,dnaA,+
ArcA,dnaA,-
ArcA,rpmH,+
ArcA,rnpA,+
ArcA,yieE,+
ArcA,yieE,-
ArcA,yieF,+
ArcA,yieF,-
ArcA,rhlB,-
ArcA,trxA,+
ArcA,rhoL,+
ArcA,rho,+
ArcA,yigF,+
ArcA,yigF,-
ArcA,yigG,+
ArcA,yigG,-
ArcA,yigI,-
ArcA,pldA,+
ArcA,fadA,-
ArcA,fadA,-
ArcA,fadB,-
ArcA,fadB,-
ArcA,pepQ,+
ArcA,pepQ,-
ArcA,yigZ,+
ArcA,yigZ,-
ArcA,trkH,+
ArcA,trkH,-
ArcA,hemG,+
ArcA,hemG,-
ArcA,fdhE,+
ArcA,fdoI,+
ArcA,fdoH,+
ArcA,fdoG,+
ArcA,rhaT,-
ArcA,sodA,-
ArcA,sthA,-
ArcA,fabR,+
ArcA,yijD,+
ArcA,thiH,-
ArcA,thiG,-
ArcA,thiF,-
ArcA,thiE,-
ArcA,thiC,-
ArcA,aceB,-
ArcA,aceA,-
ArcA,aceK,-
ArcA,ubiC,-
ArcA,ubiC,+
ArcA,ubiC,-
ArcA,ubiA,-
ArcA,ubiA,+
ArcA,ubiA,-
ArcA,uvrA,-
ArcA,ssb,-
ArcA,acs,-
ArcA,actP,-
ArcA,yjcH,-
ArcA,nrfA,+
ArcA,nrfB,+
ArcA,nrfC,+
ArcA,nrfD,+
ArcA,nrfE,+
ArcA,nrfF,+
ArcA,nrfG,+
ArcA,phnP,+
ArcA,phnP,-
ArcA,phnO,+
ArcA,phnO,-
ArcA,phnN,+
ArcA,phnN,-
ArcA,phnM,+
ArcA,phnM,-
ArcA,phnL,+
ArcA,phnL,-
ArcA,phnK,+
ArcA,phnK,-
ArcA,phnJ,+
ArcA,phnJ,-
ArcA,phnI,+
ArcA,phnI,-
ArcA,phnH,+
ArcA,phnH,-
ArcA,phnG,+
ArcA,phnG,-
ArcA,phnF,+
ArcA,phnF,-
ArcA,phnE_2,+
ArcA,phnE_2,-
ArcA,phnE_1,+
ArcA,phnE_1,-
ArcA,phnD,+
ArcA,phnD,-
ArcA,phnC,+
ArcA,phnC,-
ArcA,fumB,+
ArcA,dcuB,+
ArcA,fumB,+
ArcA,dcuB,-
ArcA,fumB,-
ArcA,cadB,-
ArcA,cadA,-
ArcA,dcuA,+
ArcA,cycA,+
ArcA,cycA,-
ArcA,treB,+
ArcA,treC,+
ArcA,yjiJ,+
ArcA,yjiJ,-
ArcA,yjiR,+
ArcA,yjiR,-
ArcA,yjiS,+
ArcA,yjiS,-
ArcA,osmY,-
ArcA,arcA,+
ArcA,yjjY,+
ArcA,yjjY,-
ArcA,thiS,-
ArcA,csrB,-
ArcA,psrD,+
ArcA,isrB,+
ArcA,isrB,-
ArcA,micF,+
ArcA,gcvB,+
ArcA,gcvB,-
ArcA,psrO,+
ArcA,psrO,-
ArcA,arcZ,-
ArcA,yecJ,+
ArcA,yecJ,-
ArcA,azuC,+
ArcA,azuC,-
HdfR,flhD,-
HdfR,flhC,-
HdfR,gltB,+
HdfR,gltD,+
HdfR,gltF,+
Ada,ada,-
Ada,alkB,-
AraC,araA,-
AraC,araB,-
AraC,araC,-
AraC,araD,-
ArcA,sdhC,-
ArcA,sdhD,-
ArcA,sdhA,-
ArcA,sdhB,-
ArcA,sucA,-
ArcA,sucB,-
ArcA,sucC,-
ArcA,sucD,-
Crp,araJ,-
Crp,cdd,-
Crp,crp,-
Crp,dadA,-
Crp,dadX,-
Crp,deoC,+
Crp,deoA,+
Crp,deoB,+
Crp,deoD,+
Crp,deoC,-
Crp,deoA,-
Crp,deoB,-
Crp,deoD,-
Crp,dusB,+
Crp,dusB,-
Crp,fis,+
Crp,fis,-
Crp,fumC,-
Crp,yiaK,-
Crp,yiaL,-
Crp,yiaM,-
Crp,yiaN,-
Crp,yiaO,-
Crp,lyxK,-
Crp,sgbH,-
Crp,sgbU,-
Crp,sgbE,-
Crp,malI,-
Crp,manA,-
Crp,nupG,+
Crp,nupG,-
Crp,nupG,-
Crp,pck,-
Crp,treB,+
Crp,treC,+
Crp,udp,-
Crp,ycdZ,-
Crp,yhfA,-
ChbR,chbA,-
ChbR,chbB,-
ChbR,chbC,-
ChbR,chbF,-
ChbR,chbG,-
ChbR,chbR,-
DnaA,nrdA,-
DnaA,nrdB,-
DnaA,yfaE,-
Fnr,fdnG,-
Fnr,fdnH,-
Fnr,fdnI,-
Fnr,ompW,-
Fis,ndh,-
Fis,rnpB,-
Fur,tonB,-
GutR,gutM,-
GutR,gutQ,-
GutR,srlA,-
GutR,srlB,-
GutR,srlD,-
GutR,srlE,-
GutR,srlR,-
HigB;higA,higA,-
HigB;higA,higB,-
IhfA;ihfB,cysG,-
IhfA;ihfB,nirB,-
IhfA;ihfB,nirC,-
IhfA;ihfB,nirD,-
IhfA;ihfB,norV,-
IhfA;ihfB,norW,-
IhfA;ihfB,nrfA,-
IhfA;ihfB,nrfB,-
IhfA;ihfB,nrfC,-
IhfA;ihfB,nrfD,-
IhfA;ihfB,nrfE,-
IhfA;ihfB,nrfF,-
IhfA;ihfB,nrfG,-
IhfA;ihfB,ompF,-
IhfA;ihfB,ssuA,-
IhfA;ihfB,ssuB,-
IhfA;ihfB,ssuC,-
IhfA;ihfB,ssuD,-
IhfA;ihfB,ssuE,-
LldR,lldD,-
LldR,lldP,-
LldR,lldR,-
MelR,melA,-
MelR,melB,-
MelR,melR,-
MetR,glyA,-
NarL,nrfA,+
NarL,nrfA,-
NarL,nrfB,+
NarL,nrfB,-
NarL,nrfC,+
NarL,nrfC,-
NarL,nrfD,+
NarL,nrfD,-
NarL,nrfE,+
NarL,nrfE,-
NarL,nrfF,+
NarL,nrfF,-
NarL,nrfG,+
NarL,nrfG,-
NhaR,nhaA,-
NhaR,nhaR,-
NtrC,glnH,-
NtrC,glnP,-
NtrC,glnQ,-
OmpR,ompF,+
OmpR,ompF,-
OmpR,ompF,-
RelB;relE,hokD,-
RelB;relE,relB,-
RelB;relE,relE,-
RhaS,rhaR,-
RhaS,rhaS,-
RhaS,rhaT,+
RhaS,rhaT,-
SutR,sutR,-
TdcR,tdcA,+
TdcR,tdcB,+
TdcR,tdcC,+
TdcR,tdcD,+
TdcR,tdcE,+
TdcR,tdcF,+
TdcR,tdcG,+
TyrR,tyrP,-
YefM;yoeB,yefM,-
YefM;yoeB,yoeB,-
